Sira #,Site,H,Co,T,Section,Top(cm),Bot(cm),mbsf,mcd,Species,d18O,d13C,d18Oadj,d13Cadj,age_ka,MIS,CODE,LiCa,BCa,NaCa,MgCa,AlCa,MnCa,SrCa,CdCa,BaCa,NdCa,UCa,FeCa
S18 0638,ODP1209,A,4,H,3,0,2,30.2,33.87,CWUEL,2.85,-0.09,3.49,-0.09,2348.16717,,,,,,,,,,,,,,
S18 0639,ODP1209,A,4,H,3,5,7,30.25,33.92,CWUEL,2.95,-0.14,3.59,-0.14,2358.84189,,,,,,,,,,,,,,
S18 0640,ODP1209,A,4,H,3,15,17,30.35,34.02,CWUEL,3.42,-0.32,4.06,-0.32,2366.62553,,,,,,,,,,,,,,
S18 0641,ODP1209,A,4,H,3,25,27,30.45,34.12,CWUEL,2.94,0.14,3.58,0.14,2375.74352,,,,,,,,,,,,,,
S18 0642,ODP1209,A,4,H,3,30,32,30.5,34.17,CWUEL,2.93,0.22,3.57,0.22,2379.30176,,,,,,,,,,,,,,
S18 0643,ODP1209,A,4,H,3,37,39,30.57,34.24,CWUEL,3.02,0.16,3.66,0.16,2384.86151,,,,,,,,,,,,,,
S18 0644,ODP1209,A,4,H,3,44,46,30.64,34.31,CWUEL,3.04,0.07,3.68,0.07,2389.75408,,,,,,,,,,,,,,
S18 0645,ODP1209,A,4,H,3,55,57,30.75,34.42,CWUEL,3.12,0,3.76,0,2397.09295,,,,,,,,,,,,,,
S18 0646,ODP1209,A,4,H,3,59,61,30.79,34.46,CWUEL,3.04,-0.14,3.68,-0.14,2399.98402,,,,,,,,,,,,,,
S18 0647,ODP1209,A,4,H,3,65,67,30.85,34.52,CWUEL,3.05,0,3.69,0,2404.20943,,,,,,,,,,,,,,
S18 0648,ODP1209,A,4,H,3,75,77,30.95,34.62,CWUEL,3.03,0.06,3.67,0.06,2410.88113,,,,,,,,,,,,,,
S18 0649,ODP1209,A,4,H,3,85,87,31.05,34.72,CWUEL,2.86,0,3.5,0,2417.10804,,QI1,12.0506,13.2874,2.8647,0.9085,3.4821,38.3413,1.0516,0.1373,2.8628,0.3239,11.0741,29.2035
S18 0650,ODP1209,A,4,H,3,90,92,31.1,34.77,CWUEL,3.08,-0.14,3.72,-0.14,2419.99911,,,,,,,,,,,,,,
S18 0621,ODP1209,A,4,H,3,95,97,31.15,34.82,CWUEL,3.05,-0.02,3.69,-0.02,2422.89018,,,,,,,,,,,,,,
S18 0622,ODP1209,A,4,H,3,105,107,31.25,34.92,CWUEL,3.61,-0.45,4.25,-0.45,2429.56188,MIS 96,,,,,,,,,,,,,
S18 0623,ODP1209,A,4,H,3,115,117,31.35,35.02,CWUEL,3.62,-0.23,4.26,-0.23,2435.56641,MIS 96,QG1,11.8406,14.9056,2.8571,0.9415,15.1392,38.026,1.027,0.1255,2.6734,0.2202,17.0511,-59.5024
S18 0624,ODP1209,A,4,H,3,120,122,31.4,35.07,CWUEL,3.56,-0.51,4.2,-0.51,2438.90225,MIS 96,,,,,,,,,,,,,
S18 0625,ODP1209,A,4,H,3,125,127,31.45,35.12,CWUEL,3.45,-0.56,4.09,-0.56,2442.01571,MIS 96,QG5,12.1579,13.2517,3.0711,0.979,30.6848,30.5487,1.0583,0.1317,2.8657,0.5555,11.4616,10.3479
S18 0626,ODP1209,A,4,H,3,135,137,31.55,35.22,CWUEL,3.5,-0.56,4.14,-0.56,2447.13068,MIS 96,,,,,,,,,,,,,
S18 0761,ODP1209,A,4,H,3,140,142,31.6,35.27,CWUEL,3.13,-0.23,3.77,-0.23,2450.02175,,,,,,,,,,,,,,
S18 0762,ODP1209,A,4,H,3,145,147,31.65,35.32,CWUEL,3.08,-0.2,3.72,-0.2,2453.3576,,,,,,,,,,,,,,
S18 0763,ODP1209,A,4,H,4,5,7,31.75,35.42,CWUEL,2.83,-0.32,3.47,-0.32,2463.58754,,,,,,,,,,,,,,
S18 0764,ODP1209,A,4,H,4,15,17,31.85,35.52,CWUEL,2.76,-0.43,3.4,-0.43,2472.92791,,QI5,12.003,13.4092,2.6754,0.761,16.4698,30.7154,1.0574,0.1568,2.8813,0.2494,8.9933,-13.069
S18 0765,ODP1209,A,4,H,4,25,27,31.95,35.62,CWUEL,3.4,-0.7,4.04,-0.7,2480.71156,MIS 98,,,,,,,,,,,,,
S18 0766,ODP1209,A,4,H,4,30,32,32,35.67,CWUEL,3.65,-0.46,4.29,-0.46,2485.15936,MIS 98,,,,,,,,,,,,,
S18 0767,ODP1209,A,4,H,4,34,36,32.04,35.71,CWUEL,3.46,-0.47,4.1,-0.47,2488.7176,MIS 98,QG3,11.7497,11.9649,2.7597,0.7992,9.626,25.3009,1.0424,0.1337,2.6861,0.3682,7.739,-11.5021
S18 0768,ODP1209,A,4,H,4,45,47,32.15,35.82,CWUEL,3.23,-0.18,3.87,-0.18,2494.94451,,,,,,,,,,,,,,
S18 0769,ODP1209,A,4,H,4,55,57,32.25,35.92,CWUEL,2.58,1.05,3.22,1.05,2499.39231,,QI2,11.8794,14.833,2.7794,0.9443,6.722,47.4591,1.0127,0.1405,2.7701,0.226,18.4892,-18.5799
S18 0770,ODP1209,A,4,H,4,61,63,32.31,35.98,CWUEL,3.28,-0.5,3.92,-0.5,2501.39382,,,,,,,,,,,,,,
S18 0771,ODP1209,A,4,H,4,65,67,32.35,36.02,CWUEL,2.67,0.08,3.31,0.08,2502.95055,,QI4,11.2759,13.4124,2.6208,0.878,4.6256,23.9568,1.0223,0.128,3.1348,0.5837,11.5916,-17.8631
S18 0772,ODP1209,A,4,H,4,75,77,32.45,36.12,CWUEL,3.08,-0.51,3.72,-0.51,2506.06401,,D1,,,,,,,,,,,,
S18 0773,ODP1209,A,4,H,4,85,87,32.55,36.22,CWUEL,3.37,-0.53,4.01,-0.53,2509.39986,,D2,,,,,,,,,,,,
S18 0774,ODP1209,A,4,H,4,90,92,32.6,36.27,CWUEL,3.36,-0.46,4,-0.46,2511.17898,,D3,,,,,,,,,,,,
S18 0775,ODP1209,A,4,H,4,95,97,32.65,36.32,CWUEL,3.31,-0.51,3.95,-0.51,2513.18049,,D4,,,,,,,,,,,,
S18 0776,ODP1209,A,4,H,4,104,106,32.74,36.41,CWUEL,3.3,-0.5,3.94,-0.5,2517.62828,,D5,,,,,,,,,,,,
S18 0777,ODP1209,A,4,H,4,117,119,32.87,36.54,CWUEL,3.41,-0.53,4.05,-0.53,2530.08212,MIS 100,QG2,11.0117,14.24175,2.8745,0.9628,29.73235,20.93915,1.0004,0.14495,3.2754,0.4393,11.72365,3.2923
S18 0778,ODP1209,A,4,H,4,119.5,121.5,32.895,36.565,CWUEL,3.66,-0.63,4.3,-0.63,2532.08363,MIS 100,QG4,12.4624,12.6824,2.8685,1.0691,5.389,42.7094,1.0246,0.1475,2.6778,0.2165,17.9867,-7.4545
S18 0779,ODP1209,A,4,H,4,126,128,32.96,36.63,CWUEL,3.4,-0.48,4.04,-0.48,2536.30904,MIS 100,,,,,,,,,,,,,
S17 3813,ODP1209,A,4,H,4,143,145,33.13,36.8,CWUEL,2.88,-0.06,3.52,-0.06,2544.98224,,,,,,,,,,,,,,
S17 3797,ODP1209,A,4,H,5,5,7,33.25,36.92,CWUEL,2.78,0.02,3.42,0.02,2550.76438,,QI3,12.35695,13.5507,2.83795,0.95065,8.34625,55.74745,1.033,0.13835,3.0551,0.327,19.6235,-20.66585
,ODP1209,A,4,H,5,8,10,33.28,36.95,CWUEL,3.45,-0.38,4.09,-0.38,2552.06,,T9,11.63843558,14.99646677,2.706177444,0.936785126,6.253565468,43.32655836,1.024248254,0.122521312,3.020269242,0.309942258,13.7379318,10.59830947
,ODP1209,A,4,H,5,12,14,33.32,36.99,CWUEL,3.28,-0.08,3.92,-0.08,2553.74,,S1/S2,11.36983056,16.3986142,2.82554992,0.956449949,6.711626839,47.02565226,1.021705425,0.12789179,3.187405049,0.29742499,14.46110609,10.3888087
S17 3798,ODP1209,A,4,H,5,15,17,33.35,37.02,CWUEL,3.13,-0.25,3.77,-0.25,2554.98979,,B1,11.0501,13.4049,3.0093,0.9808,16.2579,27.8324,1.0169,0.1436,2.7785,0.1842,8.8263,8.5539
,ODP1209,A,4,H,5,18,20,33.38,37.05,CWUEL,2.79,-0.44,3.43,-0.44,2556.26,,S3,11.515524,15.54886872,2.841368974,0.905880153,4.311830634,44.42575903,1.017631934,0.122393223,3.054343223,0.259713007,12.01148564,9.111297678
,ODP1209,A,4,H,5,22,24,33.42,37.09,CWUEL,3.31,-0.26,3.95,-0.26,2557.94,,S4,11.42352374,15.06774976,2.748272353,1.130851859,5.082017677,40.70119482,1.01569657,0.132341291,3.818601255,0.229471058,14.24470513,11.61862546
S17 3799,ODP1209,A,4,H,5,25,27,33.45,37.12,CWUEL,3.1,-0.33,3.74,-0.33,2559.2152,,B2,10.7225,15.8097,3.0299,0.8919,34.4938,33.7204,1.0309,0.1481,3.2274,0.2077,7.8758,14.4363
,ODP1209,A,4,H,5,28,30,33.48,37.15,CWUEL,3.02,0.01,3.66,0.01,2560.333333,,S5,10.9586244,16.87454249,2.820561046,0.947821318,8.234767676,48.45253143,0.994870865,0.130267914,3.118664485,0.23943134,10.41352159,10.39729431
,ODP1209,A,4,H,5,32,34,33.52,37.19,CWUEL,3.2,-0.28,3.84,-0.28,2561.844444,,S6,11.5425891,15.70071043,2.73962896,1.04479921,4.47256804,46.68884755,1.006397409,0.121932439,2.988860761,0.255080818,12.55645468,9.819213395
S17 3800,ODP1209,A,4,H,5,34,36,33.54,37.21,CWUEL,3.11,-0.06,3.75,-0.06,2562.55105,,B3,10.9556,11.5692,2.7068,0.9768,8.3982,37.2667,1.0067,0.1334,2.8688,0.2191,7.8294,8.8468
,ODP1209,A,4,H,5,37,39,33.57,37.24,CWUEL,3.32,-0.2,3.96,-0.2,2563.609091,,S7/S8,12.1057946,15.0361529,2.795283065,1.007726411,3.918475058,50.16999785,1.021375607,0.122216178,3.28765898,0.320332621,11.61501058,9.839730368
,ODP1209,A,4,H,5,42,44,33.62,37.29,CWUEL,2.99,-0.32,3.63,-0.32,2565.290909,,S9,11.74434343,14.82757856,2.700278547,1.090040165,3.756033023,40.14072113,1.038628867,0.118996564,3.298489492,0.303091632,11.95926498,10.81967801
S17 3801,ODP1209,A,4,H,5,45,47,33.65,37.32,CWUEL,3.35,-0.14,3.99,-0.14,2566.33168,,B4,10.1571,11.2266,2.7004,0.8657,6.0879,27.3167,1.0156,0.1358,3.006,0.2228,7.97,8.217
,ODP1209,A,4,H,5,48,50,33.68,37.35,CWUEL,3.25,-0.16,3.89,-0.16,2567.5,,R1,11.48889251,25.92746489,2.71101223,0.946426857,21.2846315,43.78322025,0.998528482,0.130577173,4.105149485,0.35817765,14.59932882,12.34094694
,ODP1209,A,4,H,5,52,54,33.72,37.39,CWUEL,3.15,-0.29,3.79,-0.29,2569.1,,R2,11.71210182,15.57324235,2.700575119,0.968213805,5.304895812,49.03673622,1.020706605,0.121246088,3.055701572,0.330578059,13.09967259,11.01480494
S17 3802,ODP1209,A,4,H,5,55,57,33.75,37.42,CWUEL,3.09,-0.12,3.73,-0.12,2570.33469,,B5,10.8981,15.5858,2.856,0.9345,15.9841,29.5088,1.0422,0.1383,2.7279,0.2836,10.0365,9.8282
,ODP1209,A,4,H,5,58,60,33.78,37.45,CWUEL,2.96,0.03,3.6,0.03,2571.71,,R3,12.02906412,16.53049036,3.040179801,1.014717103,11.12603926,47.77975243,1.022523122,0.117856358,3.273981148,0.37184863,18.80665692,10.76917749
,ODP1209,A,4,H,5,62,64,33.82,37.49,CWUEL,3.04,-0.34,3.68,-0.34,2573.59,,R4/R5,11.57347118,16.75776721,2.968261479,0.935833091,6.231701409,51.38136224,1.012049553,0.127882701,3.288449778,0.314601284,22.48277059,9.982803659
S17 3803,ODP1209,A,4,H,5,65,67,33.85,37.52,CWUEL,3.18,-0.11,3.82,-0.11,2575.00488,,B6,11.6239,12.9419,2.7641,0.8599,2.9961,37.1745,1.0439,0.1286,3.0343,0.1938,18.5786,7.007
,ODP1209,A,4,H,5,69,71,33.89,37.56,CWUEL,3.2,-0.34,3.84,-0.34,2577.32,,R6,11.16194234,14.10599789,2.921530414,1.052689799,5.320425096,54.52161082,1.02683298,0.142016229,3.208040614,0.471301747,23.1370961,11.50847804
,ODP1209,A,4,H,5,72,74,33.92,37.59,CWUEL,2.9,-0.13,3.54,-0.13,2579.06,,R7,11.37689578,16.96793777,2.845679382,0.957983439,7.505828985,50.81930679,1.028513448,0.116359228,3.504911227,0.259379498,13.0214822,9.643082427
S17 3804,ODP1209,A,4,H,5,75,77,33.95,37.62,CWUEL,3.08,-0.15,3.72,-0.15,2580.78702,Pleistocene,B7,10.7951,11.2546,2.7276,0.7888,10.6676,36.5542,1.0441,0.1323,2.8645,0.1993,15.686,9.1176
,ODP1209,A,4,H,5,78,80,33.98,37.65,CWUEL,2.74,-0.14,3.38,-0.14,2582.93,,R8,11.13971062,15.54774721,2.688769136,0.839138269,5.055062593,51.91404888,1.024663163,0.113939357,3.066717316,0.241844615,17.51565978,10.34456605
,ODP1209,A,4,H,5,82,84,34.02,37.69,CWUEL,3.12,-0.04,3.76,-0.04,2585.77,,R9,10.69572545,15.10683552,2.874014362,0.936549344,8.036328137,39.17538255,1.028087417,0.131126188,4.755432231,0.28401401,16.55034577,11.35623454
S17 3805,ODP1209,A,4,H,5,85,87,34.05,37.72,CWUEL,2.84,-0.06,3.48,-0.06,2587.9035,Pliocene,B8,11.0939,11.8013,2.793,0.8386,4.9436,30.6831,1.0407,0.1275,3.0005,0.1688,11.1688,7.0271
,ODP1209,A,4,H,5,88,90,34.08,37.75,CWUEL,3.04,-0.15,3.68,-0.15,2589.91,,Q1/Q2,11.63548455,15.43446901,3.433247051,1.1020837,9.920724577,43.56415849,1.026824172,0.140418981,3.069652225,0.333739963,17.40782262,9.932495454
,ODP1209,A,4,H,5,92,94,34.12,37.79,CWUEL,3.1,-0.36,3.74,-0.36,2592.59,,Q3,11.45145336,14.41104886,2.780621245,1.006889106,3.503994453,48.7672532,1.00540749,0.143287417,2.903402448,0.457360056,20.88830914,10.66835629
S17 3806,ODP1209,A,4,H,5,95,97,34.15,37.82,CWUEL,3.22,-0.46,3.86,-0.46,2594.5752,,B9,9.9446,15.5501,2.9573,0.953,14.4,33.1617,1.0333,0.1432,2.987,0.2916,14.9884,10.8803
,ODP1209,A,4,H,5,98,100,34.18,37.85,CWUEL,3.06,-0.27,3.7,-0.27,2596.07,,Q4,11.5442597,14.24964735,2.831975614,0.98238488,5.26913384,33.30693707,1.030288523,0.128442997,3.193934736,0.284830029,15.20255487,10.15117098
,ODP1209,A,4,H,5,102,104,34.22,37.89,CWUEL,3.24,-0.29,3.88,-0.29,2598.03,,Q5,11.10681141,20.10613857,2.74507112,0.986254825,11.96846276,33.93808956,1.029973477,0.131764665,3.135170865,0.356202363,16.6056119,10.74495025
S17 3807,ODP1209,A,4,H,5,105,107,34.25,37.92,CWUEL,3.13,-0.3,3.77,-0.3,2599.46777,,T11,12.1142,14.826,3.1176,0.99805,58.384,33.0702,0.98055,0.15125,3.33905,0.39625,11.4195,4.1553
,ODP1209,A,4,H,5,108,110,34.28,37.95,CWUEL,3.23,-0.51,3.87,-0.51,2600.97,,Q6,10.71972553,14.50621439,2.793911281,0.855598425,5.653792357,42.75484279,1.028598083,0.118130427,3.117317988,0.31919437,15.52629732,10.83614165
,ODP1209,A,4,H,5,113,115,34.33,38,CWUEL,3.4,-0.61,4.04,-0.61,2603.42,,Q7/Q8,11.22810121,15.92803818,3.628581772,1.056720419,32.37570074,31.79020585,1.015890316,0.131268756,3.346677004,0.314758955,14.88784516,12.0738895
S17 3808,ODP1209,A,4,H,5,115,117,34.35,38.02,CWUEL,3.52,-0.45,4.16,-0.45,2604.36035,,M7,11.04321889,14.97691222,2.885946231,1.015519046,5.400828305,45.56762857,1.018674213,0.138704221,3.021539299,0.430413389,17.24132815,14.5994094
,ODP1209,A,4,H,5,118,120,34.38,38.05,CWUEL,3.4,-0.48,4.04,-0.48,2605.99,,Q9,11.10635267,15.14267442,2.795048126,0.909897493,9.288275294,32.20878096,1.025855254,0.116233572,3.150948218,0.644827208,4.975326011,8.97497024
,ODP1209,A,4,H,5,122,124,34.42,38.09,CWUEL,3.38,-0.44,4.02,-0.44,2608.11,,M1,11.30992828,21.34027231,3.002188016,1.008958266,15.84667426,57.87426734,1.048249849,0.125311452,3.628529196,0.669165804,16.73630303,11.04806489
S17 3809,ODP1209,A,4,H,5,125,127,34.45,38.12,CWUEL,3.19,-0.32,3.83,-0.32,2609.69771,,T12,11.4746,13.6508,2.7418,0.9348,23.9899,39.8788,1.0071,0.1481,2.8756,0.3779,13.265,2.8587
,ODP1209,A,4,H,5,128,130,34.48,38.15,CWUEL,3.4,-0.48,4.04,-0.48,2611.77,,M2,11.68123595,20.49177972,2.886868829,0.904590407,14.059809,47.72464826,1.033490844,0.128489547,3.028961376,0.323077604,16.07163468,13.16770152
,ODP1209,A,4,H,5,130,132,34.5,38.17,CWUEL,3.28,-0.16,3.92,-0.16,2613.15,,M3,11.17156307,16.60968079,2.996244906,1.02628487,11.18251058,43.5991194,1.023116087,0.132564404,4.245032376,0.38705471,20.94963072,12.83850842
S17 3810,ODP1209,A,4,H,5,135,137,34.55,38.22,CWUEL,3.13,-0.19,3.77,-0.19,2616.5918,,M8,10.70982196,16.97336813,2.587376893,1.034884639,8.077507426,66.36809446,0.994608827,0.16329451,2.982032915,0.531471058,22.81972862,15.07982377
,ODP1209,A,4,H,5,138,140,34.58,38.25,CWUEL,3.39,-0.34,4.03,-0.34,2618.52,,M4/M5,11.02247442,14.93001272,2.769924389,0.895258982,6.077269115,51.65050691,1.017182641,0.142261832,3.141505994,0.408986468,20.90225271,13.3804354
,ODP1209,A,4,H,5,142,144,34.62,38.29,CWUEL,2.8,-0.15,3.44,-0.15,2621.08,,M6,11.28045573,18.28885978,2.868249761,1.034353176,7.633994751,41.18369675,0.991868044,0.135465379,3.009448323,0.323081168,18.76233854,12.31745639
S17 3811,ODP1209,A,4,H,5,145,147,34.65,38.32,CWUEL,2.82,0.11,3.46,0.11,2623.0411,,T13,11.8366,14.0419,2.5977,0.8363,9.7443,44.6609,1.0352,0.1592,7.8509,0.3014,17.5138,7.2159
,ODP1209,A,4,H,6,4,6,34.74,38.41,CWUEL,3.22,-0.25,3.86,-0.25,2628.22,,T3,10.96664444,14.43945934,2.701715068,0.906846021,3.870840394,37.91548035,0.993013362,0.120020209,6.264637358,0.200010662,10.02065755,10.91066336
S17 3794,ODP1209,A,4,H,6,5,7,34.75,38.42,CWUEL,3.02,-0.02,3.66,-0.02,2628.82324,,T14,11.5654,14.6365,2.6812,0.8979,18.423,45.3217,1.0211,0.1509,3.1395,0.2598,18.5882,10.1557
,ODP1209,A,4,H,6,8,10,34.78,38.45,CWUEL,3.21,-0.25,3.85,-0.25,2630.06,,T4/T5,11.04574389,16.58672866,2.730128085,0.93812422,7.306680695,51.39036944,1.012674632,0.124270309,3.045724914,0.287499672,12.42055675,14.28865219
,ODP1209,A,4,H,6,12,14,34.82,38.49,CWUEL,3.01,-0.15,3.65,-0.15,2631.74,,T6,11.62633501,15.47322508,2.694664659,0.930168754,2.433852019,44.87559123,1.036552381,0.122387569,2.892285453,0.2146096,10.02221057,10.01875267
S17 3795,ODP1209,A,4,H,6,15,17,34.85,38.52,CWUEL,3.15,-0.25,3.79,-0.25,2633.04865,,M9,10.36589675,15.22686241,2.807075692,0.888160305,8.96331007,47.07166907,1.043485732,0.128798299,3.275218648,0.280840184,16.18858978,14.09625575
,ODP1209,A,4,H,6,18,20,34.88,38.55,CWUEL,3.19,-0.24,3.83,-0.24,2634.38,,T7,11.6440244,16.07829753,2.755975713,1.016333956,5.657631729,51.31642344,1.021553263,0.130305647,2.909304477,0.256512847,21.36487848,12.70657939
S17 3791,ODP1209,B,5,H,1,125,127,34.85,38.57,CWUEL,3.15,-0.22,3.79,-0.22,2635.27255,,T18,11.6858,13.8223,2.6769,0.9724,11.82535,57.75235,1.01315,0.13835,2.69045,0.29315,14.5356,2.01965
,ODP1209,A,4,H,6,22,24,34.92,38.59,CWUEL,3.05,-0.05,3.69,-0.05,2636.1,,T8,12.08292971,15.03412849,2.682807828,0.921195215,3.607835664,51.33883881,1.026368597,0.143825336,2.967222781,0.373483232,17.5283431,12.34833391
S17 3796,ODP1209,A,4,H,6,25,27,34.95,38.62,CWUEL,3.33,-0.38,3.97,-0.38,2637.27406,,K1,11.23822651,15.48192467,2.786916604,0.984641944,11.07564681,55.29200572,1.014522787,0.127841179,2.947990005,0.311960372,16.69673824,12.58004186
S17 3792,ODP1209,B,5,H,1,135,137,34.95,38.67,CWUEL,3.32,-0.28,3.96,-0.28,2639.27557,,K2,11.4542947,17.62629505,4.320774316,1.029708894,63.7506713,38.65087993,0.99834116,0.132700018,3.407709353,0.343551721,11.12383842,16.42725318
S17 3793,ODP1209,B,5,H,1,145,147,35.05,38.77,CWUEL,3.26,-0.34,3.9,-0.34,2642.83381,,T15,12.0633,14.3423,2.8945,0.9743,18.1727,40.0263,1.0645,0.1346,3.2499,0.4282,7.4285,7.1439
S18 0780,ODP1209,B,5,H,2,0,2,35.1,38.82,CWUEL,3.07,-0.19,3.71,-0.19,2644.83532,,K3,12.49489798,17.65202876,4.699123895,1.179821281,69.30596926,44.41686775,0.996735476,0.120137648,5.571946993,0.495901942,9.239001835,17.45447592
,ODP1209,B,5,H,2,2,4,35.12,38.84,CWUEL,3.57,-1.54,4.21,-1.54,2645.52,,X1,11.40994154,15.89138315,2.701531893,1.072694189,9.617691571,45.83763135,1.029658526,0.111351341,14.26150217,0.428132312,9.463998752,11.94195478
S17 3536,ODP1209,B,5,H,2,5,7,35.15,38.87,CWUEL,3.23,-0.18,3.87,-0.18,2646.61444,,T16,11.1557,12.54735,2.61235,0.9315,8.4484,49.70335,1.02635,0.13075,3.0844,0.45675,10.1393,5.01425
,ODP1209,B,5,H,2,8,10,35.18,38.9,CWUEL,3.1,-0.23,3.74,-0.23,2647.68,,X2,11.65583053,14.85993253,3.384857372,1.078745541,34.6876203,41.54461264,1.009288366,0.118304412,3.671161447,0.345350942,12.81467539,15.2746965
,ODP1209,B,5,H,2,12,14,35.22,38.94,CWUEL,3.03,-0.12,3.67,-0.12,2649.12,,X3,12.01651214,15.75380354,3.324904754,1.043996842,8.609985298,47.4351041,1.013993397,0.122404403,3.288564966,0.337389544,14.66756436,12.34714991
S17 3537,ODP1209,B,5,H,2,15,17,35.25,38.97,CWUEL,3.28,-0.09,3.92,-0.09,2650.17267,,,,,,,,,,,,,,
,ODP1209,B,5,H,2,18,20,35.28,39,CWUEL,3.07,-0.06,3.71,-0.06,2651.52,,X4,11.03390421,15.84955586,2.662441485,0.996393883,5.794875881,58.11601513,1.010254637,0.119747683,3.126279594,0.408330078,15.68911208,12.68833423
,ODP1209,B,5,H,2,22,24,35.32,39.04,CWUEL,3.33,-0.16,3.97,-0.16,2653.28,,X5/X6,11.61310736,15.25876308,3.407097139,0.994396507,34.44695744,70.91603046,0.99050184,0.115672412,3.348625076,0.325666929,15.94636319,15.80426362
S17 3538,ODP1209,B,5,H,2,25,27,35.35,39.07,CWUEL,3.01,-0.06,3.65,-0.06,2654.62047,,T17,11.5928,12.4371,2.7092,0.9445,10.4908,86.7261,1.0352,0.125,3.1795,0.3318,15.9867,-278.7699
,ODP1209,B,5,H,2,28,30,35.38,39.1,CWUEL,2.99,-0.1,3.63,-0.1,2656.07,,X7,11.24386947,14.17665966,2.845378701,0.913592119,14.9388708,58.84049238,1.025371316,0.105481073,3.140143716,0.264788502,12.39929378,13.42279386
,ODP1209,B,5,H,2,32,34,35.42,39.14,CWUEL,3.13,-0.15,3.77,-0.15,2658.03,,,,,,,,,,,,,,
S17 3539,ODP1209,B,5,H,2,35,37,35.45,39.17,CWUEL,3.11,-0.03,3.75,-0.03,2659.51305,,T2,11.827,14.5276,2.6208,0.8948,11.7391,78.109,1.027,0.1277,4.3272,0.3837,19.0793,12.5481
S17 3540,ODP1209,B,5,H,2,45,47,35.55,39.27,CWUEL,3.24,-0.32,3.88,-0.32,2663.73846,,,,,,,,,,,,,,
,ODP1209,B,5,H,2,48,50,35.58,39.3,CWUEL,3.26,-0.5,3.9,-0.5,2665.11,,X8,11.4752115,16.57956551,2.701134314,1.029618716,10.50067882,72.73851683,0.996706221,0.113501335,3.654116887,0.300060748,15.219666,15.81460262
,ODP1209,B,5,H,2,52,54,35.62,39.34,CWUEL,3.19,-0.09,3.83,-0.09,2666.99,,X9,11.59072664,13.7868354,2.791041306,1.017116796,8.906812784,67.50454297,1.005778777,0.122450034,3.336014598,0.278381688,13.77224348,14.3140389
S17 3541,ODP1209,B,5,H,2,55,57,35.65,39.37,CWUEL,3.17,0,3.81,0,2668.40865,,K4,11.50599441,15.60753269,2.882025341,1.043109368,10.39219128,61.15832147,0.99947439,0.116875602,3.101740394,0.302743575,16.70736608,12.95127584
,ODP1209,B,5,H,2,58,60,35.68,39.4,CWUEL,2.94,0.04,3.58,0.04,2670.02,,Z1,11.50392855,15.11183019,3.048126111,1.08577142,12.33307418,80.53946279,0.996647806,0.13880106,3.167402986,0.21794274,12.65423724,12.35321572
S18 0781,ODP1209,B,5,H,2,60,62,35.7,39.42,CWUEL,3.05,-0.05,3.69,-0.05,2671.07733,,T3,12.8386,17.103,2.7522,1.1383,10.9235,72.1398,1.0295,0.129,4.0539,0.1611,11.3517,4.8148
,ODP1209,B,5,H,2,62,64,35.72,39.44,CWUEL,3.07,-0.23,3.71,-0.23,2672.26,,Z2,11.79520133,15.38842195,2.907786377,0.974305074,11.16714124,68.70128738,1.00998708,0.122509436,3.409835925,0.171612563,13.50037747,12.73081647
S17 3542,ODP1209,B,5,H,2,65,67,35.75,39.47,CWUEL,2.95,-0.17,3.59,-0.17,2673.96839,,K5,12.40731747,19.68389128,3.28544398,1.080015739,18.42428253,76.38615568,1.015528598,0.11647417,3.174383816,0.201639065,15.82513728,12.75181313
,ODP1209,B,5,H,2,68,70,35.78,39.5,CWUEL,3.19,-0.28,3.83,-0.28,2675.11,,Z4,11.41345391,15.27138944,3.352111215,1.193570275,13.31204285,75.45545057,1.047792376,0.12352264,3.531931061,0.224672745,15.01793392,12.11831226
,ODP1209,B,5,H,2,72,74,35.82,39.54,CWUEL,3.3,-0.13,3.94,-0.13,2676.59,,Z5,12.02721598,16.50893145,2.872375342,1.078687064,8.451939932,93.30084651,0.997866025,0.141146149,3.446395135,0.292871785,16.41240452,12.49250636
S17 3543,ODP1209,B,5,H,2,75,77,35.85,39.57,CWUEL,3.18,-0.28,3.82,-0.28,2677.74902,,K6,11.29395437,14.77666004,2.81188877,0.933792471,9.534412101,62.93277342,1.025134498,0.112075183,3.23909116,0.231737628,11.88161495,10.75546802
,ODP1209,B,5,H,2,78,80,35.88,39.6,CWUEL,3.36,-0.29,4,-0.29,2678.93,,Z6,11.55888225,15.1280663,2.808856707,0.921113091,9.215592789,73.65752596,1.027974325,0.119947309,3.737590466,0.301648425,14.44025806,12.22057214
,ODP1209,B,5,H,2,82,84,35.92,39.64,CWUEL,3.4,-0.19,4.04,-0.19,2680.57,,Z7,11.36542198,16.38483235,2.812934548,0.937158984,12.62311684,50.70346663,1.023779709,0.112789834,3.229354748,0.231240978,9.077204373,8.087856786
S17 3544,ODP1209,B,5,H,2,85,87,35.95,39.67,CWUEL,3.35,-0.21,3.99,-0.21,2681.75204,,T4,12.1633,16.6828,2.7355,0.8529,25.6475,58.2559,1.0354,0.1229,4.1758,0.2941,16.1393,6.4688
,ODP1209,B,5,H,2,88,90,35.98,39.7,CWUEL,3.39,-0.28,4.03,-0.28,2683,,Z8/Z9,11.33062281,14.39372116,2.765988373,0.925021316,10.62368958,45.19220017,1.012579932,0.118210183,3.328585298,0.322511626,8.17593189,9.979737213
S18 0782,ODP1209,B,5,H,2,90,92,36,39.72,CWUEL,3.4,-0.48,4.04,-0.48,2683.75355,,K7,11.61436412,15.35948988,2.810685615,0.901746969,11.05483087,47.12057152,0.995176746,0.121599941,3.095962752,0.34434653,8.538442314,10.84614058
,ODP1209,B,5,H,2,92,94,36.02,39.74,CWUEL,3.51,-0.45,4.15,-0.45,2684.4,,V1,11.27568978,14.85979063,2.799770153,0.810848049,5.937743849,41.64493864,1.024232677,0.120371053,3.116396868,0.313767591,6.731583488,9.503122412
S17 3545,ODP1209,B,5,H,2,95,97,36.05,39.77,CWUEL,3.48,-0.11,4.12,-0.11,2685.31028,,K8,10.96111606,15.05860288,2.973679542,0.97358297,11.35670074,53.2783193,0.984203833,0.125733902,3.047576858,0.403025629,9.110467654,9.532086728
,ODP1209,B,5,H,2,98,100,36.08,39.8,CWUEL,3.42,-0.19,4.06,-0.19,2686.23,,V2,11.19201598,21.99628746,3.504811211,0.925322678,25.68908732,47.46130073,1.006159304,0.119934857,3.611749073,0.35794902,7.973859168,13.40684875
,ODP1209,B,5,H,2,102,104,36.12,39.84,CWUEL,3.48,-0.23,4.12,-0.23,2687.47,,V3,11.29408169,16.22787395,2.713255968,0.989925005,5.546729019,49.56511386,0.994337605,0.115964849,3.240805905,0.338458368,8.741209498,9.148202101
S17 3546,ODP1209,B,5,H,2,105,107,36.15,39.87,CWUEL,3.42,-0.26,4.06,-0.26,2688.42374,,T5,12.7813,14.5843,3.0513,1.1963,94.3471,174.1762,1.0499,0.1901,3.3788,1.656,30.7461,32.4113
,ODP1209,B,5,H,2,108,110,36.18,39.9,CWUEL,3.5,-0.48,4.14,-0.48,2689.42,,V4,11.15447385,13.77775092,2.543068947,0.872287359,5.127780239,52.79960232,0.985727384,0.118326516,3.093513204,0.45796841,10.81114029,8.888775321
,ODP1209,B,5,H,2,112,114,36.22,39.94,CWUEL,3.48,-0.35,4.12,-0.35,2690.78,,V5/V6,11.25450929,15.13266488,2.769017936,0.889167617,10.68413297,36.9938519,1.010256661,0.112798857,3.420417516,0.342791248,7.148202757,9.443330492
S17 3547,ODP1209,B,5,H,2,115,117,36.25,39.97,CWUEL,3.31,-0.21,3.95,-0.21,2691.75959,,K9,10.84346985,14.34206718,2.671230161,0.992661591,5.71307987,74.50269934,0.995991744,0.147177124,3.114397892,0.67477975,14.26661277,11.80640062
,ODP1209,B,5,H,2,118,120,36.28,40,CWUEL,3.31,-0.22,3.95,-0.22,2692.82,,V7,10.87822467,14.94345682,2.63092601,0.93818834,4.453551879,59.45352372,1.000120967,0.14088052,3.293654742,0.553996474,12.82855083,13.24028878
S18 0783,ODP1209,B,5,H,2,120,122,36.3,40.02,CWUEL,3.04,-0.37,3.68,-0.37,2693.53871,,T19,14.9686,16.1796,2.8187,0.9721,16.8993,54.7212,0.9904,0.1288,2.8498,0.3458,13.0477,-3.569
,ODP1209,B,5,H,2,122,124,36.32,40.04,CWUEL,3.22,-0.13,3.86,-0.13,2694.22,,V8,12.2299751,15.92167643,2.742849683,1.114009609,8.280979855,48.54989642,1.00821857,0.113548629,3.386134666,0.294037268,12.92837879,11.59254769
S17 3548,ODP1209,B,5,H,2,125,127,36.35,40.07,CWUEL,3.11,-0.16,3.75,-0.16,2695.31783,,C1,10.303,18.7095,2.8221,0.9073,13.2811,35.7206,1.0058,0.1254,2.9113,0.1874,8.8515,6.9545
,ODP1209,B,5,H,2,128,130,36.38,40.1,CWUEL,3.18,-0.1,3.82,-0.1,2696.32,,V9,11.79622498,16.92921235,2.959548038,1.008096424,12.61377307,57.67566445,1.002641659,0.120134126,3.065290162,0.227263994,11.6399326,12.51025221
,ODP1209,B,5,H,2,132,134,36.42,40.14,CWUEL,3.19,-0.14,3.83,-0.14,2697.68,,T1,12.11101174,15.3296511,2.95830759,0.884654132,11.16739644,63.36553005,1.026005502,0.119425756,3.263235236,0.267052429,13.08963883,13.05790296
S17 3549,ODP1209,B,5,H,2,135,137,36.45,40.17,CWUEL,3.21,-0.05,3.85,-0.05,2698.65368,,C2,11.0513,19.0782,2.9255,0.8497,9.0191,54.1237,1.0233,0.1337,2.5959,0.2072,11.9074,10.8115
,ODP1209,B,5,H,2,137,139,36.47,40.19,CWUEL,3.22,-0.13,3.86,-0.13,2699.433333,,T2,11.59916088,16.82891693,2.967739769,0.947590049,11.87137425,43.20215234,0.991595277,0.117038726,2.95619216,0.188050772,10.77253914,9.455830338
S18 0784,ODP1209,B,5,H,2,140,142,36.51,40.23,CWUEL,3.24,-0.26,3.88,-0.26,2700.87757,,T6,11.7275,14.3284,2.8404,0.8709,23.4214,78.1739,1.0127,0.134,28.9047,0.2513,16.0371,7.8459
S17 3550,ODP1209,B,5,H,2,145,147,36.55,40.27,CWUEL,3.15,-0.33,3.79,-0.33,2702.87908,,C3,10.7908,15.5066,3.216,0.8649,14.8537,31.3814,1.0294,0.1263,2.6389,0.1846,7.5476,9.3646
S18 0785,ODP1209,B,5,H,3,2,4,36.62,40.34,CWUEL,3.35,-0.33,3.99,-0.33,2706.65971,,J1,10.45199259,14.9966491,2.774290974,0.887968877,6.359911442,47.27172096,1.042696248,0.115242489,3.466331486,0.259363755,9.281175056,8.126287591
S17 3523,ODP1209,B,5,H,3,5,7,36.65,40.37,CWUEL,3.32,-0.53,3.96,-0.53,2708.43883,,T7,12.0223,13.9134,2.969,0.799,19.8226,60.4625,1.0595,0.1199,2.912,0.2716,10.685,1.3134
S17 3524,ODP1209,B,5,H,3,15,17,36.75,40.47,CWUEL,3.32,-0.7,3.96,-0.7,2713.77619,,,,,,,,,,,,,,
S17 3525,ODP1209,B,5,H,3,25,27,36.85,40.57,CWUEL,3.54,-0.52,4.18,-0.52,2719.33594,,T8,11.7407,14.6876,2.8506,0.7692,23.4819,32.1304,1.0203,0.1247,4.989,0.8323,5.2566,2.664
S18 0786,ODP1209,B,5,H,3,30,32,36.9,40.62,CWUEL,3.59,-0.4,4.23,-0.4,2722.4494,,J2,10.86929848,14.57086504,3.058608628,0.871237751,12.74122334,24.38473196,1.015777421,0.115560772,3.17233043,0.837026989,4.409209267,9.645831702
S17 3526,ODP1209,B,5,H,3,35,37,36.95,40.67,CWUEL,3.31,-0.13,3.95,-0.13,2725.34047,,J3,11.12736692,20.57272071,3.626402248,1.155974677,33.8952435,30.76099717,1.020798276,0.127374094,3.133021816,0.54999724,7.139209912,10.62260307
S17 3527,ODP1209,B,5,H,3,45,47,37.05,40.77,CWUEL,2.94,-0.09,3.58,-0.09,2731.1226,,T9,11.8399,14.8217,2.869,0.8593,19.2663,46.5717,0.9928,0.1236,2.8151,0.3254,7.4845,3.7755
S17 3528,ODP1209,B,5,H,3,55,57,37.15,40.87,CWUEL,2.74,-0.05,3.38,-0.05,2736.23757,,,,,,,,,,,,,,
,ODP1209,B,5,H,3,60,62,,40.92,,,,,,2739.62,iNHG,T10,11.9051,15.8064,2.8391,0.8721,11.5146,58.0227,1.0204,0.1281,2.7481,0.2816,9.4252,9.853
S17 3529,ODP1209,B,5,H,3,85,87,37.45,41.17,CWUEL,3.07,-0.19,3.71,-0.19,2756.69744,,A1,11.5799,18.8331,3.2101,0.891,60.8725,32.333,1.0465,0.1183,3.0506,0.1859,3.7419,15.3764
S18 0787,ODP1209,B,5,H,3,90,92,37.5,41.22,CWUEL,2.93,-0.23,3.57,-0.23,2759.8109,,A2,11.6357,15.6856,3.0026,0.8983,15.4886,26.9311,1.0608,0.1054,3.3905,0.2045,3.0732,9.7561
S17 3530,ODP1209,B,5,H,3,95,97,37.55,41.27,CWUEL,3.06,-0.12,3.7,-0.12,2762.47958,,A3,10.965,11.601,2.9334,0.7969,18.0123,23.7051,1.0784,0.1048,2.9631,0.198,2.6352,4.8653
S17 3531,ODP1209,B,5,H,3,105,107,37.65,41.37,CWUEL,2.98,0.1,3.62,0.1,2767.81694,,A4,11.0169,11.692,3.1092,0.8197,13.8106,42.5823,1.0362,0.1192,3.1246,0.2532,6.8884,12.0752
S17 3532,ODP1209,B,5,H,3,115,117,37.75,41.47,CWUEL,2.82,0.08,3.46,0.08,2772.48713,,A5,10.5888,11.5902,2.7863,0.8593,14.3517,66.0442,1.0377,0.1355,3.2163,0.2842,11.896,14.7783
S18 0788,ODP1209,B,5,H,3,120,122,37.8,41.52,CWUEL,2.59,-0.12,3.23,-0.12,2775.15581,,A6,11.4793,11.1925,2.8794,0.8621,8.2525,43.606,1.0326,0.1155,3.9863,0.2281,11.9056,13.5512
S17 3533,ODP1209,B,5,H,3,125,127,37.85,41.57,CWUEL,2.82,-0.08,3.46,-0.08,2777.6021,,A7,11.684,13.7556,2.8564,0.8659,5.5236,36.3596,1.1588,0.1289,4161.1741,0.2069,7.8338,5.8971
S17 3534,ODP1209,B,5,H,3,135,137,37.95,41.67,CWUEL,2.88,0.1,3.52,0.1,2782.71706,,A8,10.65,15.3042,4.0749,1.0478,159.224,52.7112,1.0165,0.1108,3.0683,0.2425,6.8466,38.4343
S18 0789,ODP1209,B,5,H,3,141,143,38,41.72,CWUEL,2.88,0.03,3.52,0.03,2785.83052,,A9,11.0536,18.7135,2.9442,0.8308,6.1781,46.6753,1.0235,0.1241,2.6855,0.165,6.5102,13.2303
S17 3535,ODP1209,B,5,H,3,145,147,38.05,41.77,CWUEL,2.98,0.07,3.62,0.07,2788.4992,,A10,10.7211,15.412,2.8315,0.8468,5.6223,58.1232,1.0442,0.1297,2.7171,0.1789,7.1003,9.3045
S18 0790,ODP1209,B,5,H,4,0,2,38.1,41.82,CWUEL,2.94,0.08,3.58,0.08,2792.27983,,A11,10.6173,13.8668,2.8154,0.7719,6.9713,50.1588,1.038,0.1151,2.7414,0.2252,9.3737,10.5388
S17 3175,ODP1209,B,5,H,4,5,7,38.15,41.87,CWUEL,2.97,0.02,3.61,0.02,2795.61568,,A12,10.0618,14.5911,2.859,0.848,8.9586,34.0619,1.0326,0.1164,2.5535,0.1427,5.0213,10.4899
S17 3176,ODP1209,B,5,H,4,15,17,38.25,41.97,CWUEL,3.2,-0.13,3.84,-0.13,2802.28738,,LP5,11.6536,14.1758,2.78735,0.8642,6.7141,70.9856,1.0181,0.13495,2.69105,0.3339,10.63945,12.38435
S17 3177,ODP1209,B,5,H,4,25,27,38.35,42.07,CWUEL,3.27,-0.08,3.91,-0.08,2809.62624,,LP4,12.1997,13.656,2.9659,0.8219,20.7239,60.4561,1.0219,0.1198,2.6445,0.3098,7.4123,-16.0656
S17 3178,ODP1209,B,5,H,4,35,37,38.45,42.17,CWUEL,3.21,-0.05,3.85,-0.05,2815.63077,,,,,,,,,,,,,,
S17 3179,ODP1209,B,5,H,4,45,47,38.55,42.27,CWUEL,2.9,0.28,3.54,0.28,2820.52335,,LP3,12.9989,13.2756,2.9989,0.9322,16.776,129.9028,1.0296,0.1355,2.5546,0.2747,12.8622,-82.4964
S17 3180,ODP1209,B,5,H,4,55,57,38.65,42.37,CWUEL,2.91,0.16,3.55,0.16,2824.52637,,,,,,,,,,,,,,
S17 3341,ODP1209,B,5,H,4,65,67,38.75,42.47,CWUEL,2.87,0.03,3.51,0.03,2828.08461,,,,,,,,,,,,,,
S17 3342,ODP1209,B,5,H,4,75,77,38.85,42.57,CWUEL,2.95,0.24,3.59,0.24,2831.42045,,LP2,11.9441,12.7422,2.8564,0.8881,7.6969,82.389,1.0343,0.1143,2.5355,0.2013,9.245,-7.4488
S17 3343,ODP1209,B,5,H,4,85,87,38.95,42.67,CWUEL,2.95,0.08,3.59,0.08,2835.20108,,,,,,,,,,,,,,
S17 3344,ODP1209,B,5,H,4,95,97,39.05,42.77,CWUEL,3.02,-0.12,3.66,-0.12,2839.2041,,LP1,12.0351,13.57745,2.72425,0.8092,5.9772,104.115,1.0148,0.12835,2.9181,0.3156,12.299,2.07485
S17 3345,ODP1209,B,5,H,4,105,107,39.15,42.87,CWUEL,3.16,-0.25,3.8,-0.25,2843.20712,,,,,,,,,,,,,,
S17 3346,ODP1209,B,5,H,4,115,117,39.25,42.97,CWUEL,3.16,0.01,3.8,0.01,2847.43253,,,,,,,,,,,,,,
S17 3347,ODP1209,B,5,H,4,125,127,39.35,43.07,CWUEL,3.11,0.03,3.75,0.03,2851.65794,,,,,,,,,,,,,,
S17 3521,ODP1209,B,5,H,4,135,137,39.45,43.17,CWUEL,2.84,0.24,3.48,0.24,2856.32813,,,,,,,,,,,,,,
S17 3522,ODP1209,B,5,H,4,145,147,39.55,43.27,CWUEL,2.8,0.01,3.44,0.01,2860.10875,,,,,,,,,,,,,,
S18 1711,ODP1209,B,5,H,5,2,4,39.62,43.34,CWUEL,2.9,0,3.54,0,2862.99982,,,,,,,,,,,,,,
S17 2132,ODP1209,B,5,H,5,5,7,39.65,43.37,CWUEL,2.79,-0.07,3.43,-0.07,2864.33416,,,,,,,,,,,,,,
S17 2133,ODP1209,B,5,H,5,15,17,39.75,43.47,CWUEL,2.92,0.05,3.56,0.05,2869.00435,,,,,,,,,,,,,,
S17 2134,ODP1209,B,5,H,5,25,27,39.85,43.57,CWUEL,3.02,0,3.66,0,2873.45215,,,,,,,,,,,,,,
S18 1712,ODP1209,B,5,H,5,30,32,39.9,43.62,CWUEL,3.04,0.03,3.68,0.03,2876.12083,,,,,,,,,,,,,,
S17 2135,ODP1209,B,5,H,5,35,37,39.95,43.67,CWUEL,3.18,-0.11,3.82,-0.11,2878.34473,,,,,,,,,,,,,,
S17 2136,ODP1209,B,5,H,5,45,47,40.05,43.77,CWUEL,3.27,-0.09,3.91,-0.09,2883.2373,,,,,,,,,,,,,,
S17 2137,ODP1209,B,5,H,5,55,57,40.15,43.87,CWUEL,3.14,-0.13,3.78,-0.13,2887.90749,,,,,,,,,,,,,,
S18 1713,ODP1209,B,5,H,5,60,62,40.2,43.92,CWUEL,2.92,0.06,3.56,0.06,2890.57617,,,,,,,,,,,,,,
S17 2138,ODP1209,B,5,H,5,65,67,40.25,43.97,CWUEL,3,-0.22,3.64,-0.22,2893.24485,,,,,,,,,,,,,,
S17 2139,ODP1209,B,5,H,5,78,80,40.38,44.1,CWUEL,2.9,0.06,3.54,0.06,2899.47177,,,,,,,,,,,,,,
S17 2140,ODP1209,B,5,H,5,85,87,40.45,44.17,CWUEL,2.87,-0.05,3.51,-0.05,2902.36284,,,,,,,,,,,,,,
S17 3166,ODP1209,A,5,H,3,65,67,40.35,44.21,CWUEL,2.88,0.08,3.52,0.08,2904.36435,,,,,,,,,,,,,,
S18 1714,ODP1209,B,5,H,5,91,93,40.51,44.23,CWUEL,2.85,0.06,3.49,0.06,2905.4763,,,,,,,,,,,,,,
S17 2141,ODP1209,B,5,H,5,95,97,40.55,44.27,CWUEL,2.93,-0.11,3.57,-0.11,2907.03303,,,,,,,,,,,,,,
S17 3167,ODP1209,A,5,H,3,75,77,40.45,44.31,CWUEL,2.81,-0.02,3.45,-0.02,2908.58975,,,,,,,,,,,,,,
S17 3168,ODP1209,A,5,H,3,85,87,40.55,44.41,CWUEL,2.96,0.05,3.6,0.05,2912.81516,,,,,,,,,,,,,,
S17 3169,ODP1209,A,5,H,3,95,97,40.65,44.51,CWUEL,2.82,-0.15,3.46,-0.15,2916.59579,,,,,,,,,,,,,,
S17 3170,ODP1209,A,5,H,3,105,107,40.75,44.61,CWUEL,3.07,-0.13,3.71,-0.13,2921.04359,,,,,,,,,,,,,,
S17 3171,ODP1209,A,5,H,3,115,117,40.85,44.71,CWUEL,3.02,-0.25,3.66,-0.25,2926.38095,,,,,,,,,,,,,,
S17 3172,ODP1209,A,5,H,3,125,127,40.95,44.81,CWUEL,3.33,-0.51,3.97,-0.51,2931.9407,,,,,,,,,,,,,,
S17 3173,ODP1209,A,5,H,3,131,133,41.01,44.87,CWUEL,2.87,-0.09,3.51,-0.09,2935.49893,,,,,,,,,,,,,,
S17 3174,ODP1209,A,5,H,3,145,147,41.15,45.01,CWUEL,2.71,0.09,3.35,0.09,2941.28107,,,,,,,,,,,,,,
S18 1715,ODP1209,A,5,H,4,0,3,41.2,45.06,CWUEL,2.68,-0.07,3.32,-0.07,2943.50497,,,,,,,,,,,,,,
S17 3151,ODP1209,A,5,H,4,5,7,41.25,45.11,CWUEL,2.53,-0.09,3.17,-0.09,2945.50648,,,,,,,,,,,,,,
S17 3152,ODP1209,A,5,H,4,15,17,41.35,45.21,CWUEL,2.78,-0.09,3.42,-0.09,2949.73189,,,,,,,,,,,,,,
S17 3153,ODP1209,A,5,H,4,25,27,41.45,45.31,CWUEL,2.66,0.23,3.3,0.23,2954.17969,,,,,,,,,,,,,,
S17 3154,ODP1209,A,5,H,4,30,32,41.5,45.36,CWUEL,2.78,-0.12,3.42,-0.12,2956.84837,,,,,,,,,,,,,,
S18 1716,ODP1209,A,5,H,4,32,34,41.52,45.38,CWUEL,2.9,0.24,3.54,0.24,2957.73793,,,,,,,,,,,,,,
S17 3155,ODP1209,A,5,H,4,43,45,41.63,45.49,CWUEL,2.96,0.09,3.6,0.09,2961.96333,,,,,,,,,,,,,,
S17 3156,ODP1209,A,5,H,4,57,59,41.77,45.63,CWUEL,2.93,0.05,3.57,0.05,2967.0783,,,,,,,,,,,,,,
S18 1717,ODP1209,A,5,H,4,60,62,41.8,45.66,CWUEL,2.94,0.05,3.58,0.05,2968.41264,,,,,,,,,,,,,,
S17 3157,ODP1209,A,5,H,4,65,67,41.85,45.71,CWUEL,2.93,0.04,3.57,0.04,2970.19176,,,,,,,,,,,,,,
S17 3158,ODP1209,A,5,H,4,75,77,41.95,45.81,CWUEL,3.01,-0.15,3.65,-0.15,2974.63956,,,,,,,,,,,,,,
S17 3159,ODP1209,A,5,H,4,85,87,42.05,45.91,CWUEL,3.04,-0.26,3.68,-0.26,2978.86497,,,,,,,,,,,,,,
S18 1718,ODP1209,A,5,H,4,90,92,42.1,45.96,CWUEL,3.01,-0.07,3.65,-0.07,2981.53365,,,,,,,,,,,,,,
S17 3160,ODP1209,A,5,H,4,95,97,42.15,46.01,CWUEL,2.89,-0.14,3.53,-0.14,2983.75755,,,,,,,,,,,,,,
S17 3161,ODP1209,A,5,H,4,107,109,42.27,46.13,CWUEL,2.81,-0.1,3.45,-0.1,2988.87251,,,,,,,,,,,,,,
S17 3162,ODP1209,A,5,H,4,115,117,42.35,46.21,CWUEL,3,-0.06,3.64,-0.06,2992.20836,,,,,,,,,,,,,,
S18 1719,ODP1209,A,5,H,4,119,121,42.39,46.25,CWUEL,2.9,-0.07,3.54,-0.07,2994.20987,,,,,,,,,,,,,,
S17 3163,ODP1209,A,5,H,4,125,127,42.45,46.31,CWUEL,2.87,-0.02,3.51,-0.02,2997.10094,,,,,,,,,,,,,,
S17 3164,ODP1209,A,5,H,4,135,137,42.55,46.41,CWUEL,3.01,-0.07,3.65,-0.07,3002.21591,,,,,,,,,,,,,,
S18 1720,ODP1209,A,5,H,4,139,141,42.59,46.45,CWUEL,3.12,-0.14,3.76,-0.14,3004.43981,,,,,,,,,,,,,,
S17 3165,ODP1209,A,5,H,4,142,144,42.62,46.48,CWUEL,3.07,-0.07,3.71,-0.07,3005.99654,,,,,,,,,,,,,,
S18 1721,ODP1209,A,5,H,5,0,2,42.7,46.56,CWUEL,3.04,0.12,3.68,0.12,3009.99956,,,,,,,,,,,,,,
S17 2773,ODP1209,A,5,H,5,5,7,42.75,46.61,CWUEL,3.11,0,3.75,0,3012.22346,,,,,,,,,,,,,,
S17 2774,ODP1209,A,5,H,5,15,17,42.85,46.71,CWUEL,3.04,-0.32,3.68,-0.32,3016.67125,,,,,,,,,,,,,,
S17 2775,ODP1209,A,5,H,5,25,27,42.95,46.81,CWUEL,3.02,-0.03,3.66,-0.03,3020.89666,,,,,,,,,,,,,,
S18 1722,ODP1209,A,5,H,5,30,32,43,46.86,CWUEL,3.02,-0.22,3.66,-0.22,3023.34295,,,,,,,,,,,,,,
S17 2776,ODP1209,A,5,H,5,37,39,43.07,46.93,CWUEL,3.06,-0.25,3.7,-0.25,3026.6788,mPWP,,,,,,,,,,,,,
S17 2881,ODP1209,A,5,H,5,45,47,43.15,47.01,CWUEL,3.01,-0.29,3.65,-0.29,3031.79377,,,,,,,,,,,,,,
S17 2882,ODP1209,A,5,H,5,55,57,43.25,47.11,CWUEL,2.87,-0.19,3.51,-0.19,3038.46547,,,,,,,,,,,,,,
S18 1723,ODP1209,A,5,H,5,60,62,43.3,47.16,CWUEL,2.94,-0.05,3.58,-0.05,3042.0237,,,,,,,,,,,,,,
S17 2883,ODP1209,A,5,H,5,65,67,43.35,47.21,CWUEL,2.88,-0.1,3.52,-0.1,3044.91477,,,,,,,,,,,,,,
S17 2884,ODP1209,A,5,H,5,75,77,43.45,47.31,CWUEL,3.02,-0.18,3.66,-0.18,3050.02974,,,,,,,,,,,,,,
S17 2885,ODP1209,A,5,H,5,85,87,43.55,47.41,CWUEL,2.83,0.02,3.47,0.02,3055.3671,,,,,,,,,,,,,,
S18 1724,ODP1209,A,5,H,5,90,92,43.6,47.46,CWUEL,2.97,-0.11,3.61,-0.11,3058.70295,,,,,,,,,,,,,,
S17 2886,ODP1209,A,5,H,5,95,97,43.65,47.51,CWUEL,2.91,0.05,3.55,0.05,3061.37163,,,,,,,,,,,,,,
S17 2887,ODP1209,A,5,H,5,107,109,43.77,47.63,CWUEL,2.84,0.05,3.48,0.05,3067.82093,,P1,12.5415,15.0431,3.3348,0.9956,22.8782,42.8845,1.0409,0.1047,2.9041,0.2154,11.6138,-20.7086
S17 2888,ODP1209,A,5,H,5,115,117,43.85,47.71,CWUEL,2.93,-0.02,3.57,-0.02,3072.26873,,,,,,,,,,,,,,
S18 1725,ODP1209,A,5,H,5,120,122,43.9,47.76,CWUEL,2.93,0.03,3.57,0.03,3075.60458,,,,,,,,,,,,,,
S17 2889,ODP1209,A,5,H,5,125,127,43.95,47.81,CWUEL,2.83,0.04,3.47,0.04,3078.94043,,P2,12.7855,14.8329,3.3504,1.0121,19.0628,50.1129,1.0188,0.1063,2.9549,0.1849,15.8167,-102.828
S17 2890,ODP1209,A,5,H,5,135,137,44.05,47.91,CWUEL,2.84,0.13,3.48,0.13,3085.16735,,,,,,,,,,,,,,
S18 1726,ODP1209,A,5,H,5,140,142,44.1,47.96,CWUEL,2.76,0.12,3.4,0.12,3088.72559,,P3,12.9965,14.2571,2.899,1.1069,13.3001,53.2544,0.9993,0.1215,6.6879,0.1595,20.8903,-4.5511
S17 2891,ODP1209,A,5,H,5,145,147,44.15,48.01,CWUEL,2.96,-0.14,3.6,-0.14,3091.83904,,,,,,,,,,,,,,
S18 1727,ODP1209,A,5,H,6,0,2,44.2,48.06,CWUEL,3.07,-0.01,3.71,-0.01,3095.17489,,,,,,,,,,,,,,
S17 2761,ODP1209,A,5,H,6,5,7,44.25,48.11,CWUEL,2.81,-0.02,3.45,-0.02,3098.28835,,,,,,,,,,,,,,
S17 2762,ODP1209,A,5,H,6,15,17,44.35,48.21,CWUEL,2.87,-0.16,3.51,-0.16,3103.62571,,,,,,,,,,,,,,
S17 2763,ODP1209,A,5,H,6,25,27,44.45,48.31,CWUEL,2.96,0.01,3.6,0.01,3108.96307,,P5,13.45035,12.3976,2.9486,0.9328,5.63365,52.70935,1.00275,0.13585,2.6387,0.2286,28.27965,-5.2763
S18 1728,ODP1209,A,5,H,6,30,32,44.5,48.36,CWUEL,2.96,-0.01,3.6,-0.01,3111.85414,,,,,,,,,,,,,,
S17 2764,ODP1209,A,5,H,6,35,37,44.55,48.41,CWUEL,2.86,-0.07,3.5,-0.07,3114.30043,,,,,,,,,,,,,,
S17 2765,ODP1209,A,5,H,6,45,47,44.65,48.51,CWUEL,3.01,0.05,3.65,0.05,3118.74822,,P4,12.704,21.8967,3.3299,0.9755,240.025,47.2015,1.0357,0.1182,2.982,0.2215,23.0415,-80.7102
S17 2766,ODP1209,A,5,H,6,55,57,44.75,48.61,CWUEL,3.02,0.01,3.66,0.01,3123.19602,,,,,,,,,,,,,,
S18 1729,ODP1209,A,5,H,6,60,62,44.8,48.66,CWUEL,2.9,-0.07,3.54,-0.07,3125.41992,,,,,,,,,,,,,,
S17 2767,ODP1209,A,5,H,6,65,67,44.85,48.71,CWUEL,2.98,-0.11,3.62,-0.11,3127.19904,,,,,,,,,,,,,,
S17 2768,ODP1209,A,5,H,6,75,77,44.95,48.81,CWUEL,3.02,-0.15,3.66,-0.15,3131.20206,,,,,,,,,,,,,,
S17 2769,ODP1209,A,5,H,6,85,87,45.05,48.91,CWUEL,3.13,-0.41,3.77,-0.41,3135.42747,,,,,,,,,,,,,,
S18 1730,ODP1209,A,5,H,6,90,92,45.1,48.96,CWUEL,3.09,-0.24,3.73,-0.24,3138.09615,,,,,,,,,,,,,,
S17 2770,ODP1209,A,5,H,6,95,97,45.15,49.01,CWUEL,3.03,-0.3,3.67,-0.3,3140.76483,,,,,,,,,,,,,,
S17 2771,ODP1209,A,5,H,6,106,108,45.26,49.12,CWUEL,3.12,-0.3,3.76,-0.3,3146.76935,,,,,,,,,,,,,,
S17 2142,ODP1209,B,6,H,1,15,17,43.25,49.17,CWUEL,2.74,-0.12,3.38,-0.12,3149.88281,,,,,,,,,,,,,,
S17 2772,ODP1209,A,5,H,6,115,117,45.35,49.21,CWUEL,2.7,-0.11,3.34,-0.11,3152.99627,,,,,,,,,,,,,,
S17 2143,ODP1209,B,6,H,1,25,27,43.35,49.27,CWUEL,2.62,-0.02,3.26,-0.02,3156.7769,,,,,,,,,,,,,,
S18 1731,ODP1209,B,6,H,1,30,32,43.4,49.32,CWUEL,2.48,0.09,3.12,0.09,3159.89036,,,,,,,,,,,,,,
S17 2144,ODP1209,B,6,H,1,35,37,43.45,49.37,CWUEL,2.53,0.01,3.17,0.01,3162.55904,,,,,,,,,,,,,,
S17 2145,ODP1209,B,6,H,1,45,47,43.55,49.47,CWUEL,2.68,0.1,3.32,0.1,3167.67401,,,,,,,,,,,,,,
S17 2146,ODP1209,B,6,H,1,55,57,43.65,49.57,CWUEL,2.89,0.08,3.53,0.08,3172.56658,,,,,,,,,,,,,,
S18 1732,ODP1209,B,6,H,1,60,62,43.7,49.62,CWUEL,2.75,0.02,3.39,0.02,3175.68004,,,,,,,,,,,,,,
S17 2147,ODP1209,B,6,H,1,65,67,43.75,49.67,CWUEL,2.74,0.08,3.38,0.08,3178.7935,,,,,,,,,,,,,,
S17 2148,ODP1209,B,6,H,1,78,80,43.88,49.8,CWUEL,2.86,0.12,3.5,0.12,3186.13237,,,,,,,,,,,,,,
S17 2149,ODP1209,B,6,H,1,85,87,43.95,49.87,CWUEL,2.93,0.26,3.57,0.26,3190.58017,,,,,,,,,,,,,,
S18 1733,ODP1209,B,6,H,1,90,92,44,49.92,CWUEL,2.82,0.26,3.46,0.26,3194.13841,,,,,,,,,,,,,,
S17 2150,ODP1209,B,6,H,1,95,97,44.05,49.97,CWUEL,2.76,0.26,3.4,0.26,3197.47425,,,,,,,,,,,,,,
S17 2151,ODP1209,B,6,H,1,105,107,44.15,50.07,CWUEL,2.72,0.33,3.36,0.33,3203.92356,,,,,,,,,,,,,,
S17 2152,ODP1209,B,6,H,1,115,117,44.25,50.17,CWUEL,2.76,0.28,3.4,0.28,3209.7057,,,,,,,,,,,,,,
S18 1734,ODP1209,B,6,H,1,120,122,44.3,50.22,CWUEL,2.72,0.34,3.36,0.34,3212.59677,,,,,,,,,,,,,,
S17 0812,ODP1209,B,6,H,1,125,127,44.35,50.27,CWUEL,2.67,0.28,3.31,0.28,3214.82067,,,,,,,,,,,,,,
S17 0813,ODP1209,B,6,H,1,135,137,44.45,50.37,CWUEL,2.74,0.29,3.38,0.29,3219.04608,,,,,,,,,,,,,,
S18 1735,ODP1209,B,6,H,1,140,142,44.5,50.42,CWUEL,2.86,0.21,3.5,0.21,3221.71475,,,,,,,,,,,,,,
S17 0814,ODP1209,B,6,H,1,145,147,44.55,50.47,CWUEL,2.79,0.18,3.43,0.18,3224.16104,,,,,,,,,,,,,,
S18 1736,ODP1209,B,6,H,2,0,2,44.6,50.52,CWUEL,2.89,0.14,3.53,0.14,3227.05211,,,,,,,,,,,,,,
S17 0815,ODP1209,B,6,H,2,5,7,44.65,50.57,CWUEL,2.9,0.23,3.54,0.23,3229.94318,,,,,,,,,,,,,,
S17 0816,ODP1209,B,6,H,2,15,17,44.75,50.67,CWUEL,2.77,0.03,3.41,0.03,3235.72532,,,,,,,,,,,,,,
S17 0817,ODP1209,B,6,H,2,25,27,44.85,50.77,CWUEL,2.72,0.2,3.36,0.2,3241.06268,,,,,,,,,,,,,,
S18 1737,ODP1209,B,6,H,2,30,32,44.9,50.82,CWUEL,2.71,0.15,3.35,0.15,3243.95375,,,,,,,,,,,,,,
S17 0818,ODP1209,B,6,H,2,35,37,44.95,50.87,CWUEL,2.7,0.12,3.34,0.12,3246.40004,,,,,,,,,,,,,,
S17 0819,ODP1209,B,6,H,2,45,47,45.05,50.97,CWUEL,2.72,0.14,3.36,0.14,3250.62544,,,,,,,,,,,,,,
S17 0820,ODP1209,B,6,H,2,55,57,45.15,51.07,CWUEL,2.72,0.15,3.36,0.15,3254.85085,,,,,,,,,,,,,,
S18 1738,ODP1209,B,6,H,2,60,62,45.2,51.12,CWUEL,2.78,0.09,3.42,0.09,3257.51953,,,,,,,,,,,,,,
S17 0821,ODP1209,B,6,H,2,65,67,45.25,51.17,CWUEL,2.91,0.02,3.55,0.02,3260.4106,mPWP,,,,,,,,,,,,,
S17 0822,ODP1209,B,6,H,2,75,77,45.35,51.27,CWUEL,2.9,0.16,3.54,0.16,3265.97035,,,,,,,,,,,,,,
S17 0823,ODP1209,B,6,H,2,85,87,45.45,51.37,CWUEL,2.83,0.2,3.47,0.2,3272.19727,,,,,,,,,,,,,,
S18 1739,ODP1209,B,6,H,2,90,92,45.5,51.42,CWUEL,2.89,0.24,3.53,0.24,3274.86594,,,,,,,,,,,,,,
S17 0824,ODP1209,B,6,H,2,95,97,45.55,51.47,CWUEL,2.9,0.24,3.54,0.24,3277.31223,,,,,,,,,,,,,,
S17 0825,ODP1209,B,6,H,2,105,107,45.65,51.57,CWUEL,2.84,-0.01,3.48,-0.01,3281.53764,,,,,,,,,,,,,,
S17 0826,ODP1209,B,6,H,2,115,117,45.75,51.67,CWUEL,3.01,-0.19,3.65,-0.19,3285.98544,,,,,,,,,,,,,,
S18 1921,ODP1209,B,6,H,2,120,122,45.8,51.72,CWUEL,3.07,-0.04,3.71,-0.04,3288.65412,,,,,,,,,,,,,,
S17 0827,ODP1209,B,6,H,2,125,127,45.85,51.77,CWUEL,3.13,-0.3,3.77,-0.3,3291.76758,,,,,,,,,,,,,,
S17 0828,ODP1209,B,6,H,2,135,137,45.95,51.87,CWUEL,3.34,-0.41,3.98,-0.41,3297.32733,,,,,,,,,,,,,,
S18 1922,ODP1209,B,6,H,2,140,142,46,51.92,CWUEL,3.25,-0.27,3.89,-0.27,3299.996,,,,,,,,,,,,,,
S17 0829,ODP1209,B,6,H,2,145,147,46.05,51.97,CWUEL,3.25,-0.34,3.89,-0.34,3303.10946,,,,,,,,,,,,,,
S18 1923,ODP1209,B,6,H,3,2,4,46.12,52.04,CWUEL,3.22,-0.27,3.86,-0.27,3307.33487,,,,,,,,,,,,,,
S17 0830,ODP1209,B,6,H,3,5,7,46.15,52.07,CWUEL,3.12,-0.26,3.76,-0.26,3309.33638,,,,,,,,,,,,,,
S17 1041,ODP1209,B,6,H,3,15,17,46.25,52.17,CWUEL,2.91,-0.27,3.55,-0.27,3315.78569,,,,,,,,,,,,,,
S17 1042,ODP1209,B,6,H,3,25,27,46.35,52.27,CWUEL,2.64,0,3.28,0,3323.12456,,,,,,,,,,,,,,
S18 1924,ODP1209,B,6,H,3,30,32,46.4,52.32,CWUEL,2.87,0.2,3.51,0.2,3326.4604,,,,,,,,,,,,,,
S17 1043,ODP1209,B,6,H,3,35,37,46.45,52.37,CWUEL,2.71,0.09,3.35,0.09,3329.57386,,,,,,,,,,,,,,
S17 1044,ODP1209,B,6,H,3,45,47,46.55,52.47,CWUEL,2.84,-0.05,3.48,-0.05,3334.46644,,,,,,,,,,,,,,
S17 2153,ODP1209,B,6,H,3,55,57,46.65,52.57,CWUEL,2.89,-0.09,3.53,-0.09,3338.91424,,,,,,,,,,,,,,
S18 1925,ODP1209,B,6,H,3,60,62,46.7,52.62,CWUEL,2.93,0.19,3.57,0.19,3341.36053,,,,,,,,,,,,,,
S17 2154,ODP1209,B,6,H,3,65,67,46.75,52.67,CWUEL,2.88,-0.07,3.52,-0.07,3343.58443,,,,,,,,,,,,,,
S17 2155,ODP1209,B,6,H,3,78,80,46.88,52.8,CWUEL,2.83,-0.03,3.47,-0.03,3349.14418,,,,,,,,,,,,,,
S17 2156,ODP1209,B,6,H,3,85,87,46.95,52.87,CWUEL,2.87,-0.01,3.51,-0.01,3352.48002,,,,,,,,,,,,,,
S18 1926,ODP1209,B,6,H,3,90,92,47,52.92,CWUEL,2.97,0.06,3.61,0.06,3354.48153,,,,,,,,,,,,,,
S17 2157,ODP1209,B,6,H,3,95,97,47.05,52.97,CWUEL,2.9,-0.06,3.54,-0.06,3356.70543,,,,,,,,,,,,,,
S17 2158,ODP1209,B,6,H,3,105,107,47.15,53.07,CWUEL,2.88,0.03,3.52,0.03,3360.70845,,,,,,,,,,,,,,
S17 2159,ODP1209,B,6,H,3,115,117,47.25,53.17,CWUEL,2.73,0.04,3.37,0.04,3364.71147,,,,,,,,,,,,,,
S18 1927,ODP1209,B,6,H,3,120,122,47.3,53.22,CWUEL,2.68,0.2,3.32,0.2,3366.93537,,,,,,,,,,,,,,
S17 2160,ODP1209,B,6,H,3,125,127,47.35,53.27,CWUEL,2.76,0.02,3.4,0.02,3370.04883,,,,,,,,,,,,,,
S17 2221,ODP1209,B,6,H,3,135,137,47.45,53.37,CWUEL,2.82,-0.37,3.46,-0.37,3375.38619,,,,,,,,,,,,,,
S18 1928,ODP1209,B,6,H,3,140,142,47.5,53.42,CWUEL,2.87,-0.28,3.51,-0.28,3378.05487,,,,,,,,,,,,,,
S17 2222,ODP1209,B,6,H,3,145,147,47.55,53.47,CWUEL,2.98,-0.14,3.62,-0.14,3380.50115,,,,,,,,,,,,,,
S17 2223,ODP1209,B,6,H,4,5,7,47.65,53.57,CWUEL,2.96,-0.15,3.6,-0.15,3384.72656,,,,,,,,,,,,,,
S17 2224,ODP1209,B,6,H,4,15,17,47.75,53.67,CWUEL,2.87,-0.18,3.51,-0.18,3388.72958,,,,,,,,,,,,,,
S17 2225,ODP1209,B,6,H,4,25,27,47.85,53.77,CWUEL,2.69,-0.13,3.33,-0.13,3392.7326,,,,,,,,,,,,,,
S17 2226,ODP1209,B,6,H,4,35,37,47.95,53.87,CWUEL,2.73,0.04,3.37,0.04,3396.51323,,,,,,,,,,,,,,
S17 2227,ODP1209,B,6,H,4,45,47,48.05,53.97,CWUEL,2.78,-0.05,3.42,-0.05,3400.51625,,,,,,,,,,,,,,
S17 2228,ODP1209,B,6,H,4,55,57,48.15,54.07,CWUEL,2.71,-0.11,3.35,-0.11,3404.29688,,,,,,,,,,,,,,
S17 2229,ODP1209,B,6,H,4,65,67,48.25,54.17,CWUEL,2.72,0.02,3.36,0.02,3408.0775,,,,,,,,,,,,,,
S17 2230,ODP1209,B,6,H,4,75,77,48.35,54.27,CWUEL,2.77,0.06,3.41,0.06,3411.85813,,,,,,,,,,,,,,
S17 2231,ODP1209,B,6,H,4,85,87,48.45,54.37,CWUEL,2.51,-0.15,3.15,-0.15,3415.86115,,,,,,,,,,,,,,
S17 2232,ODP1209,B,6,H,4,95,97,48.55,54.47,CWUEL,2.62,-0.08,3.26,-0.08,3419.86417,,,,,,,,,,,,,,
S18 0082,ODP1209,B,6,H,4,105,107,48.65,54.57,CWUEL,2.63,-0.12,3.27,-0.12,3423.86719,,,,,,,,,,,,,,
S18 0083,ODP1209,B,6,H,4,115,117,48.75,54.67,CWUEL,2.73,-0.04,3.37,-0.04,3428.0926,,,,,,,,,,,,,,
S18 0084,ODP1209,B,6,H,4,125,127,48.85,54.77,CWUEL,2.63,-0.14,3.27,-0.14,3432.09561,,,,,,,,,,,,,,
S18 0085,ODP1209,B,6,H,4,135,137,48.95,54.87,CWUEL,2.53,0.02,3.17,0.02,3435.87624,,,,,,,,,,,,,,
S18 0086,ODP1209,B,6,H,4,145,147,49.05,54.97,CWUEL,2.55,0.05,3.19,0.05,3439.65687,,,,,,,,,,,,,,
S18 0087,ODP1209,B,6,H,5,5,7,49.15,55.07,CWUEL,2.59,0.01,3.23,0.01,3443.4375,,,,,,,,,,,,,,
S18 0088,ODP1209,B,6,H,5,15,17,49.25,55.17,CWUEL,2.64,0.05,3.28,0.05,3447.21813,,,,,,,,,,,,,,
S18 0089,ODP1209,B,6,H,5,25,27,49.35,55.27,CWUEL,2.74,0.2,3.38,0.2,3450.99876,,,,,,,,,,,,,,
S18 0090,ODP1209,B,6,H,5,35,37,49.45,55.37,CWUEL,2.55,0.17,3.19,0.17,3454.77939,,,,,,,,,,,,,,
S18 0174,ODP1209,B,6,H,5,45,47,49.55,55.47,CWUEL,2.66,0.01,3.3,0.01,3458.56001,,,,,,,,,,,,,,
S18 0175,ODP1209,B,6,H,5,55,57,49.65,55.57,CWUEL,2.85,-0.11,3.49,-0.11,3462.56303,,,,,,,,,,,,,,
S18 0176,ODP1209,B,6,H,5,65,67,49.75,55.67,CWUEL,2.82,0.04,3.46,0.04,3466.56605,,,,,,,,,,,,,,
S18 0177,ODP1209,B,6,H,5,78,80,49.88,55.8,CWUEL,2.7,0.38,3.34,0.38,3471.45863,,,,,,,,,,,,,,
S18 0178,ODP1209,B,6,H,5,85,87,49.95,55.87,CWUEL,2.64,0.23,3.28,0.23,3474.12731,,,,,,,,,,,,,,
S18 0179,ODP1209,B,6,H,5,95,97,50.05,55.97,CWUEL,2.53,0.17,3.17,0.17,3478.13033,,,,,,,,,,,,,,
S18 0180,ODP1209,B,6,H,5,105,107,50.15,56.07,CWUEL,2.67,0.25,3.31,0.25,3482.35574,,,,,,,,,,,,,,
S18 0627,ODP1209,B,6,H,5,115,117,50.25,56.17,CWUEL,2.54,0.24,3.18,0.24,3486.35875,,,,,,,,,,,,,,
S18 0628,ODP1209,B,6,H,5,125,127,50.35,56.27,CWUEL,2.64,0.26,3.28,0.26,3490.80655,,,,,,,,,,,,,,
S18 0629,ODP1209,B,6,H,5,135,137,50.45,56.37,CWUEL,2.87,0.17,3.51,0.17,3495.03196,,,,,,,,,,,,,,
S18 0630,ODP1209,B,6,H,5,145,147,50.55,56.47,CWUEL,2.67,0.14,3.31,0.14,3498.81259,,,,,,,,,,,,,,
S18 0631,ODP1209,B,6,H,6,5,7,50.65,56.57,CWUEL,2.75,0.2,3.39,0.2,3502.81561,,,,,,,,,,,,,,
S18 0632,ODP1209,B,6,H,6,15,17,50.75,56.67,CWUEL,2.57,0.16,3.21,0.16,3507.04102,,,,,,,,,,,,,,
S18 0633,ODP1209,B,6,H,6,25,27,50.85,56.77,CWUEL,2.64,0.14,3.28,0.14,3511.48881,,,,,,,,,,,,,,
S18 0634,ODP1209,B,6,H,6,35,37,50.95,56.87,CWUEL,2.73,0.25,3.37,0.25,3516.159,,,,,,,,,,,,,,
S18 0635,ODP1209,B,6,H,6,46,48,51.06,56.98,CWUEL,2.56,0.1,3.2,0.1,3521.49636,,,,,,,,,,,,,,
S17 3814,ODP1209,A,6,H,5,15,17,52.35,57.06,CWUEL,2.53,0.17,3.17,0.17,3526.38894,,,,,,,,,,,,,,
S18 0636,ODP1209,B,6,H,6,55,57,51.15,57.07,CWUEL,2.41,0.19,3.05,0.19,3526.83372,,,,,,,,,,,,,,
S17 3815,ODP1209,A,6,H,5,25,27,52.45,57.16,CWUEL,2.52,0.25,3.16,0.25,3532.39347,,,,,,,,,,,,,,
S18 0637,ODP1209,B,6,H,6,65,67,51.25,57.17,CWUEL,2.47,0.08,3.11,0.08,3533.06064,,,,,,,,,,,,,,
S17 3816,ODP1209,A,6,H,5,35,37,52.55,57.26,CWUEL,2.42,0.16,3.06,0.16,3538.39799,,,,,,,,,,,,,,
S17 3817,ODP1209,A,6,H,5,45,47,52.65,57.36,CWUEL,2.81,-0.06,3.45,-0.06,3543.73535,,,,,,,,,,,,,,
S17 3818,ODP1209,A,6,H,5,55,57,52.75,57.46,CWUEL,2.86,0.22,3.5,0.22,3548.85032,,,,,,,,,,,,,,
S17 3819,ODP1209,A,6,H,5,65,67,52.85,57.56,CWUEL,2.51,0.02,3.15,0.02,3554.18768,,,,,,,,,,,,,,
S17 3820,ODP1209,A,6,H,5,75,77,52.95,57.66,CWUEL,2.7,0.23,3.34,0.23,3559.74743,,,,,,,,,,,,,,
S17 0031,ODP1209,A,6,H,5,85,87,53.05,57.76,CWUEL,2.52,0.28,3.16,0.28,3565.30717,,,,,,,,,,,,,,
S17 0032,ODP1209,A,6,H,5,95,97,53.15,57.86,CWUEL,2.74,0.28,3.38,0.28,3570.86692,,,,,,,,,,,,,,
S17 0033,ODP1209,A,6,H,5,107,109,53.27,57.98,CWUEL,2.67,0.11,3.31,0.11,3577.76101,,,,,,,,,,,,,,
S17 0034,ODP1209,A,6,H,5,115,117,53.35,58.06,CWUEL,2.58,0.1,3.22,0.1,3581.76403,,,,,,,,,,,,,,
S17 0035,ODP1209,A,6,H,5,125,127,53.45,58.16,CWUEL,2.45,0.14,3.09,0.14,3587.32377,,,,,,,,,,,,,,
S17 0036,ODP1209,A,6,H,5,137,139,53.57,58.28,CWUEL,2.69,0.1,3.33,0.1,3595.5522,,,,,,,,,,,,,,
S17 0037,ODP1209,A,6,H,5,145,147,53.65,58.36,CWUEL,2.66,-0.18,3.3,-0.18,3600,,,,,,,,,,,,,,