depth,age_ka,d18O
114.27,2407.95,3.36
114.35,2409.6,3.23
114.43,2411.24,3.3
114.52,2412.89,3.36
114.6,2414.53,3.28
114.68,2416.18,3.39
114.76,2417.83,3.37
114.85,2419.48,3.65
114.94,2421.4,4.02
115.05,2423.49,4.01
115.15,2425.58,4.41
115.26,2427.61,4.3
115.34,2429.35,4.07
115.43,2431.1,4.26
115.52,2432.85,3.93
115.61,2434.6,4.12
115.7,2436.46,3.71
115.78,2438.47,4.1
115.87,2440.49,4.13
115.98,2442.94,4.04
116.07,2444.98,3.74
116.17,2447.43,3.91
116.3,2450.3,3.7
116.4,2452.74,3.47
116.5,2455.06,3.52
116.62,2457.83,3.3
116.72,2460.15,3.16
116.82,2462.47,3.23
116.92,2464.79,3.21
117.02,2467.12,3.2
117.12,2469.44,3.36
117.22,2471.76,3.24
117.32,2474.08,3.51
117.42,2476.4,3.53
117.52,2478.72,3.78
117.62,2481.04,3.83
117.72,2483.36,3.83
117.82,2485.68,4.52
117.92,2488,4.4
118.02,2489.74,4.43
118.12,2491.47,4.06
118.22,2493.21,3.97
118.32,2494.94,3.84
118.42,2496.68,3.71
118.52,2498.41,3.59
118.62,2500.14,3.26
118.72,2501.88,3.22
118.92,2505.35,3.43
119.02,2507.09,3.63
119.04,2507.43,3.5
119.06,2507.78,3.56
119.08,2508.13,3.29
119.1,2508.47,3.66
119.12,2508.82,3.63
119.14,2509.17,3.64
119.16,2509.51,3.46
119.18,2509.86,3.7
119.2,2510.21,3.56
119.22,2510.55,3.7
119.26,2511.25,3.93
119.28,2511.6,4.09
119.3,2511.94,4.13
119.32,2512.29,4.27
119.34,2512.64,4.58
119.36,2512.98,4.34
119.38,2513.33,4.33
119.4,2513.68,4.07
119.42,2514.02,4.23
119.44,2514.37,4.3
119.46,2514.72,4.16
119.48,2515.07,4.31
119.5,2515.41,4.4
119.52,2515.76,4.39
119.54,2516.11,4.35
119.56,2516.45,4.26
119.58,2516.8,4.39
119.6,2517.14,4.39
119.62,2517.49,4.46
119.64,2517.84,4.43
119.66,2518.18,4.41
119.68,2518.53,4.4
119.7,2518.87,4.22
119.72,2519.22,4.36
119.74,2519.58,3.97
119.76,2519.94,4.07
119.78,2520.3,3.94
119.8,2520.66,4.24
119.82,2521.01,4.31
119.84,2521.37,4.08
119.86,2521.73,4.11
119.88,2522.09,4.18
119.9,2522.45,4.21
119.92,2522.81,4.45
119.94,2523.21,4.41
119.96,2523.62,4.3
119.98,2524.02,4.11
120,2524.42,4.25
120.02,2524.82,4.3
120.04,2525.23,4.3
120.06,2525.63,4.24
120.08,2526.03,4.35
120.1,2526.44,4.23
120.12,2526.84,4.08
120.14,2527.25,4.07
120.16,2527.65,4.23
120.18,2528.06,4.09
120.2,2528.46,4.1
120.22,2528.86,4.11
120.24,2529.27,3.99
120.26,2529.67,3.91
120.28,2530.07,3.93
120.3,2530.48,3.48
120.32,2530.88,3.86
120.34,2531.28,3.86
120.36,2531.69,3.62
120.42,2532.9,3.91
120.44,2533.3,3.71
120.54,2535.32,3.57
120.64,2537.34,3.46
120.74,2539.35,3.24
120.84,2541.37,3.26
120.94,2543.39,3.09
121.04,2545.41,3.08
121.14,2547.43,3.06
121.24,2549.45,3.19
121.34,2551.46,3.37
121.46,2553.89,3.36
121.56,2555.91,3.42
121.66,2557.93,3.45
121.76,2559.95,3.39
121.86,2561.96,3.53
121.96,2563.98,3.55
122.06,2566.01,3.46
122.16,2568.03,3.46
122.26,2570.07,3.45
122.36,2572.11,3.4
122.46,2574.15,3.42
122.56,2576.18,3.29
122.66,2578.22,3.21
122.76,2580.35,3.08
122.82,2581.47,3.23
122.86,2582.22,3.09
122.95,2584.1,3.37
123.04,2585.98,3.16
123.15,2588.2,3.28
123.27,2590.56,3.69
123.38,2592.91,3.65
123.5,2595.27,3.77
123.61,2597.63,4.17
123.73,2600.23,4.03
123.85,2603,3.46
123.96,2605.88,3.9
124.08,2608.82,3.74
124.19,2611.76,3.66
124.32,2614.91,3.4
124.44,2618.06,3.21
124.57,2621.22,3.09
124.64,2623.19,3.23
124.72,2625.16,3.34
124.74,2625.67,3.11
124.84,2628.21,3.24
124.94,2630.75,3.03
125.04,2633.29,3.47
125.14,2635.83,3.44
125.24,2638.37,3.62
125.34,2640.92,3.49
125.44,2643.46,3.82
125.55,2646.17,3.82
125.65,2648.49,3.73
125.76,2650.97,3.59
125.86,2653.23,3.59
125.96,2655.48,3.37
126.06,2657.74,3.34
126.16,2660,3.15
126.26,2662.26,3.14
126.36,2664.52,3.13
126.46,2666.77,3.12
126.56,2669.03,3.11
126.66,2671.29,3.13
126.76,2673.55,3.13
126.86,2675.81,3.23
126.96,2678.06,3.55
127.06,2680.32,3.47
127.16,2682.58,3.52
127.26,2684.84,3.5
127.36,2687.1,3.83
127.46,2688.93,3.86
127.56,2690.54,3.9
127.66,2692.13,3.93
127.76,2693.72,3.68
127.86,2695.32,3.71
127.96,2696.91,3.67
128.06,2698.5,3.65
128.16,2700.09,3.59
128.26,2701.68,3.72
128.36,2703.27,3.7
128.46,2704.86,3.89
128.56,2706.45,3.84
128.66,2708.04,3.95
128.76,2709.63,4.01
128.86,2711.22,3.87
128.96,2712.82,3.96
129.06,2714.41,4.09
129.16,2716.18,4.01
129.26,2718.44,3.88
129.36,2720.88,3.88
129.46,2723.32,3.93
129.56,2725.76,3.74
129.66,2728.2,3.67
129.76,2730.64,3.65
129.86,2733.07,3.49
129.96,2735.51,3.11
130.06,2737.95,3.29
130.16,2740.39,3.08
130.26,2742.83,3.11
130.36,2745.27,3.09
130.46,2747.71,3.14
130.56,2750.15,3.03
130.66,2752.59,3.29
130.76,2755.03,3.24
130.86,2757.47,3.32
130.96,2759.9,3.28
131.06,2762.34,3.34
131.16,2764.78,3.39
131.26,2767.22,3.45
131.36,2769.66,3.31
131.46,2772.1,3.29
131.56,2774.54,3.29
131.66,2776.98,3.22
131.76,2779.42,3.12
131.86,2781.85,3.21
131.96,2784.29,3.11
132.06,2786.73,3.19
132.16,2789.17,3.23
132.26,2791.61,3.27
132.38,2794.46,3.3
132.48,2796.98,3.62
132.58,2799.49,3.66
132.69,2802,3.81
132.79,2804.53,3.68
132.89,2807.05,3.46
132.99,2809.48,3.58
133.08,2811.96,3.42
133.18,2814.43,3.3
133.28,2816.9,3.28
133.38,2819.37,3.24
133.47,2821.85,3.26
133.67,2826.79,3.12
133.76,2829.26,3.21
133.86,2831.73,3.17
133.96,2834.21,3.38
134.06,2836.68,3.28
134.15,2839.15,3.5
134.25,2841.62,3.44
134.35,2844.08,3.46
134.44,2846.52,3.64
134.54,2848.9,3.54
134.64,2851.06,3.48
134.73,2853.22,3.54
134.83,2855.38,3.39
134.93,2857.53,3.32
135.03,2859.69,3.22
135.12,2861.85,3.31
135.22,2864.01,3.13
135.32,2866.17,3.32
135.41,2868.33,3.17
135.51,2870.48,3.28
135.61,2872.64,3.35
135.71,2874.8,3.49
135.8,2876.96,3.52
135.9,2879.12,3.5
136,2881.27,3.44
136.09,2883.43,3.45
136.19,2885.59,3.53
136.29,2887.76,3.31
136.39,2889.93,3.44
136.48,2892.1,3.35
136.58,2894.27,3.35
136.68,2896.54,3.23
136.79,2898.88,3.23
136.89,2901.22,3.11
137,2903.55,3.25
137.1,2905.88,3.32
137.2,2908.21,3.32
137.31,2910.54,3.18
137.41,2912.88,3.3
137.52,2915.22,3.29
137.62,2917.55,3.52
137.73,2919.88,3.47
137.78,2921.09,3.54
137.88,2923.31,3.6
137.98,2925.52,3.59
138.08,2927.71,3.71
138.18,2929.84,3.62
138.28,2931.97,3.46
138.38,2934.1,3.46
138.48,2936.23,3.28
138.58,2938.36,3.2
138.68,2940.5,3.03
138.78,2942.63,3.07
138.88,2944.76,2.94
138.98,2946.89,3.1
139.08,2949.02,2.91
139.18,2951.15,2.9
139.48,2957.54,3.02
139.58,2959.67,3.23
139.78,2963.94,3.08
139.98,2968.2,3.27
140.08,2970.33,3.32
140.18,2972.46,3.3
140.28,2974.58,3.27
140.38,2976.7,3.32
140.48,2978.8,3.32
140.58,2980.8,3.44
140.68,2982.8,3.32
140.78,2984.8,3.25
140.88,2986.8,3.1
140.98,2988.8,3.06
141.08,2990.8,3.07
141.18,2992.8,3.1
141.28,2994.8,3.04
141.38,2996.8,3.33
141.48,2998.8,3.25
141.77,3004.6,3.49
141.89,3006.94,3.42
142.01,3009.32,3.43
142.13,3011.7,3.41
142.24,3014.08,3.47
142.35,3016.21,3.56
142.44,3017.93,3.27
142.52,3019.67,3.43
142.61,3021.42,3.48
142.72,3023.78,3.35
142.84,3026.22,3.33
142.96,3028.66,3.18
143.08,3031.1,3.04
143.2,3033.46,3.1
143.31,3035.69,3.28
143.53,3040.15,3.12
143.64,3042.38,3.08
143.75,3044.61,3.22
143.85,3046.83,3.33
143.96,3049.15,3.23
144.09,3052.18,3.17
144.25,3055.97,3.19
144.4,3059.91,3.05
144.55,3063.59,3.03
144.62,3065.53,3.02
144.7,3067.48,3.11
144.78,3069.42,3.06
144.85,3071.37,3.02
144.93,3073.31,3.03
145.01,3075.25,3.06
145.08,3077.19,2.92
145.16,3079.14,3.03
145.24,3081.08,2.99
145.31,3083.02,3.23
145.39,3084.97,2.95
145.47,3086.92,3.31
145.54,3088.92,3.09
145.62,3090.98,3.08
145.7,3093.38,3.19
145.77,3095.78,3.09
145.85,3098.18,3.1
145.93,3100.58,3.15
146,3102.98,3.17
146.08,3105.39,3.03
146.16,3107.79,3.15
146.24,3110.19,3.08
146.31,3112.59,3.12
146.39,3114.99,3.25
146.47,3117.39,3.25
146.54,3119.79,3.25
146.62,3122.19,3.32
146.7,3124.6,3.37
146.77,3127,3.33
146.85,3129.4,3.35
146.93,3131.8,3.44
147,3134.14,3.07
147.08,3136.13,3.46
147.17,3138.41,3.45
147.27,3140.51,3.37
147.46,3144.72,3.16
147.56,3146.82,2.96
147.65,3148.93,2.87
147.85,3153.14,2.99
147.95,3155.25,3.13
147.98,3156,3.02
148.08,3158.17,3.18
148.18,3160.35,3.04
148.38,3164.7,3.05
148.48,3166.87,3.04
148.58,3169.05,2.96
148.68,3171.22,3.03
148.78,3173.42,2.94
148.88,3175.73,2.93
148.98,3178.11,3
149.08,3180.75,3.02
149.18,3183.39,3.01
149.28,3186.02,2.83
149.38,3188.66,2.92
149.48,3191.3,3.01
149.58,3193.94,2.96
149.68,3196.57,3.02
149.76,3198.68,3.15
149.78,3199.21,2.99
149.86,3201.32,3.03
149.88,3201.85,3.07
149.96,3203.96,3.25
149.98,3204.49,2.93
150.08,3207.12,3.17
150.18,3209.76,3.12
150.26,3211.87,3.05
150.28,3212.4,3.09
150.36,3214.51,3.11
150.38,3215.04,2.89
150.48,3217.67,3.23
150.56,3219.78,3.33
150.58,3220.31,3.16
150.68,3222.94,3.16
150.76,3225.05,3.27
150.78,3225.58,3.1
150.86,3227.69,2.87
150.88,3228.22,3.03
150.98,3230.86,2.97
151.06,3232.97,3.13
151.08,3233.5,3.02
151.18,3236.13,3.22
151.28,3238.77,2.91
151.36,3240.88,3.28
151.38,3241.41,2.96
151.46,3243.51,3.19
151.48,3244.04,3.15
151.56,3246.15,3.26
151.58,3246.68,3.09
151.64,3248.26,3.06
151.68,3249.32,3.03
151.69,3249.58,3.31
151.76,3251.43,3.53
151.78,3251.96,3.09
151.81,3252.75,2.49
151.87,3254.33,3.5
151.88,3254.6,3.27
151.9,3255.12,3.38
151.98,3257.23,3.42
152.08,3259.87,3.1
152.12,3260.92,3.47
152.14,3261.45,3.44
152.18,3262.51,3.31
152.23,3263.83,3.19
152.24,3264.09,3.61
152.28,3265.15,3.17
152.38,3267.78,3.14
152.4,3268.31,3.51
152.44,3269.36,3.52
152.48,3270.42,3.11
152.58,3273.05,3.07
152.64,3274.63,3.41
152.68,3275.69,3.28
152.75,3277.54,3.61
152.78,3278.33,3.24
152.86,3280.44,2.93
152.88,3280.97,3.41
152.98,3283.6,3.33
153.06,3285.71,3.53
153.07,3285.91,3.29
153.08,3286.24,3.37
153.1,3286.77,3.86
153.11,3287.03,3.89
153.15,3288.06,3.99
153.17,3288.59,3.56
153.18,3288.88,3.69
153.23,3290.2,4.13
153.26,3290.99,3.36
153.28,3291.48,3.74
153.33,3292.92,3.74
153.39,3294.29,3.8
153.39,3294.34,4.18
153.5,3296.76,3.77
153.61,3299.16,3.68
153.61,3299.23,3.88
153.72,3301.37,3.64
153.73,3301.59,3.73
153.8,3303.13,3.85
153.83,3303.58,3.62
153.85,3304.07,3.89
153.86,3304.24,3.63
153.93,3305.78,3.55
154,3307.1,3.86
154.02,3307.55,3.76
154.04,3307.99,3.53
154.13,3309.76,3.67
154.15,3310.2,3.46
154.2,3311.14,3.93
154.26,3312.42,3.56
154.29,3312.96,3.85
154.35,3314.19,3.75
154.37,3314.63,3.35
154.42,3315.58,3.72
154.45,3316.17,3.55
154.48,3316.84,3.11
154.49,3317.06,3.58
154.55,3318.21,3.41
154.59,3319.04,3.08
154.62,3319.71,3.04
154.68,3320.81,3.47
154.7,3321.25,2.97
154.73,3321.91,2.94
154.77,3322.65,3.19
154.81,3323.46,2.99
154.83,3323.9,4.28
154.89,3325.01,3.15
154.92,3325.67,2.97
154.97,3326.77,3.27
154.99,3327.09,3.26
155.01,3327.44,3.59
155.03,3327.88,3.04
155.06,3328.54,3.11
155.14,3330.09,3.17
155.22,3331.77,3.45
155.24,3332.13,3.36
155.24,3332.14,3.19
155.27,3332.69,3.32
155.31,3333.61,3.35
155.33,3333.98,3.22
155.4,3335.46,3.39
155.42,3335.87,3.16
155.46,3336.7,3.3
155.51,3337.91,3.15
155.57,3339.15,3.29
155.59,3339.53,3.36
155.63,3340.38,3.5
155.71,3342.27,3.47
155.75,3343.12,3.41
155.78,3343.83,3.39
155.81,3344.49,3.39
155.85,3345.4,3.32
155.94,3347.39,3.28
155.96,3347.91,3.46
156.02,3349.28,3.43
156.07,3350.29,3.48
156.15,3352.01,3.18
156.25,3354.25,3.41
156.3,3355.42,3.37
156.34,3356.36,3.41
156.47,3359.21,3.3
156.49,3359.7,3.35
156.7,3364.4,3.34
156.73,3365,3.25
156.95,3368.3,2.91
157.13,3371.09,3.42
157.21,3372.32,3.27
157.26,3373.14,3.08
157.29,3373.53,3.38
157.32,3373.95,3.63
157.37,3374.77,3.73
157.37,3374.82,3.22
157.42,3375.58,3.52
157.48,3376.4,3.57
157.48,3376.45,3.47
157.52,3377.03,3.48
157.53,3377.21,3.8
157.59,3378.03,3.39
157.64,3378.84,3.46
157.67,3379.31,3.56
157.69,3379.65,3.43
157.75,3380.47,3.45
157.8,3381.28,3.21
157.9,3382.82,3.52
157.92,3383.12,3.79
157.99,3384.26,3.44
158.04,3385,3.58
158.08,3385.56,3.59
158.09,3385.74,3.51
158.09,3385.78,3.29
158.1,3385.86,3.63
158.11,3386.02,3.61
158.14,3386.48,3.48
158.15,3386.67,3.36
158.17,3386.93,3.48
158.19,3387.22,3.38
158.24,3387.96,3.39
158.29,3388.74,3.46
158.3,3388.91,3.48
158.31,3389.06,3.52
158.34,3389.44,3.3
158.35,3389.63,3.56
158.36,3389.82,3.3
158.38,3390.18,3.27
158.41,3390.58,3.23
158.43,3390.92,3.32
158.46,3391.35,3.17
158.48,3391.66,3.22
158.5,3391.95,3.3
158.51,3392.11,3.34
158.52,3392.26,3.4
158.53,3392.4,3.17
158.54,3392.59,3.15
158.56,3392.87,3.1
158.61,3393.63,3.39
158.63,3393.89,2.89
158.65,3394.24,3.4
158.68,3394.63,3.16
158.68,3394.66,3.26
158.7,3394.96,3.29
158.7,3395,3.27
158.71,3395.26,3.22
158.76,3396.58,3.25
158.81,3397.89,3.19
158.85,3398.95,3.31
158.86,3399.21,3.46
158.9,3400.26,2.29
158.91,3400.53,3.44
158.96,3401.84,3.31
159.01,3403.16,3.53
159.06,3404.47,3.22
159.08,3405,3.38
159.1,3405.53,3.37
159.11,3405.79,3.48
159.16,3407.11,3.41
159.21,3408.42,3.36
159.26,3409.74,3.18
159.28,3410.26,3.12
159.3,3410.79,3.43
159.31,3411.05,3.07
159.36,3412.37,3.31
159.41,3413.68,3.22
159.46,3415,2.85
159.5,3415.64,3.46
159.51,3415.8,2.92
159.56,3416.6,3.07
159.58,3416.92,3.17
159.6,3417.24,3
159.61,3417.4,2.96
159.71,3418.99,3.49
159.76,3419.79,3.3
159.8,3420.43,3.28
159.81,3420.59,3.18
159.82,3420.75,3.7
159.86,3421.39,3.22
159.91,3422.19,3.06
159.96,3422.99,2.88
160.01,3423.79,3.21
160.02,3423.95,3.13
160.06,3424.58,3.18
160.11,3425.38,3.14
160.16,3426.18,3.27
160.21,3426.98,3.22
160.22,3427.14,3.41
160.26,3427.78,3.23
160.36,3429.38,2.99
160.41,3430.18,3.4
160.42,3430.34,3.58
160.46,3430.97,3.45
160.51,3431.77,3.17
160.56,3432.57,3.32
160.58,3432.89,3.23
160.61,3433.37,3.14
160.66,3434.17,3.01
160.71,3434.97,3.36
160.81,3436.57,3.01
160.82,3436.73,3.39
160.86,3437.36,3.02
160.96,3438.96,2.99
161.01,3439.76,3.05
161.02,3439.92,3.4
161.11,3441.36,2.98
161.16,3442.16,3.11
161.21,3442.96,3.01
161.22,3443.12,2.95
161.26,3443.75,3.17
161.31,3444.55,3.19
161.36,3445.35,3.11
161.41,3446.15,3.08
161.42,3446.31,3.09
161.46,3446.95,3.34
161.51,3447.75,3.05
161.56,3448.55,3.16
161.59,3449.03,3.28
161.61,3449.35,3.33
161.66,3450.14,3.26
161.71,3450.94,2.96
161.76,3451.74,3.23
161.81,3452.54,3.04
161.82,3452.7,3.19
161.86,3453.34,3.23
161.96,3454.94,3.1
162.02,3455.89,3.29
162.21,3458.93,3.57
162.22,3459.09,3.62
162.26,3459.73,3.25
162.42,3462.28,3.52
162.51,3463.72,3.37
162.56,3464.52,3.57
162.59,3465,3.65
162.61,3465.46,3.49
162.66,3466.62,3.55
162.71,3467.78,3.44
162.81,3470.09,3.13
162.82,3470.32,3.56
162.86,3471.25,3.25
162.91,3472.41,3.21
162.96,3473.56,3.28
163.01,3474.72,3.39
163.02,3474.95,3.28
163.06,3475.88,3.35
163.11,3477.04,3.18
163.16,3478.19,3.22
163.21,3479.35,3.21
163.22,3479.58,3.3
163.26,3480.51,3.34
163.31,3481.67,3.21
163.36,3482.82,3.43
163.41,3483.98,3.01
163.42,3484.21,3.17
163.46,3485.14,3.06
163.51,3486.3,3.03
163.56,3487.45,3.11
163.59,3488.15,3.14
163.66,3489.77,3.05
163.71,3490.93,3.26
163.76,3492.08,3.31
163.81,3493.24,3.06
163.82,3493.47,3.17
163.86,3494.4,3.15
163.91,3495.56,3.02
163.96,3496.71,3.2
164.01,3497.87,3.26
164.02,3498.1,3.28
164.06,3499.03,3.15
164.11,3500.19,3.42
164.16,3501.34,3.19
164.21,3502.5,3.18
164.22,3502.73,3.33
164.26,3503.66,3.29
164.31,3504.81,3.21
164.36,3505.97,3.17
164.41,3507.13,3.15
164.42,3507.36,3.26
164.46,3508.29,3.38
164.51,3509.44,3.33
164.56,3510.6,3.29
164.61,3511.76,3.26
164.66,3512.92,3.39
164.71,3514.07,3.28
164.76,3515.23,3.18
164.77,3515.46,3.18
164.81,3516.39,3.41
164.83,3516.84,3.31
164.85,3517.31,3.21
164.87,3517.7,3.25
164.9,3518.55,3.27
164.94,3519.41,3.21
164.98,3520.26,3.28
165.04,3521.71,3.42
165.05,3521.97,3.3
165.09,3522.82,3.44
165.16,3524.53,3.24
165.18,3524.95,3.29
165.2,3525.39,3.41
165.24,3526.24,3.21
165.27,3527.1,3.38
165.31,3527.95,3.32
165.35,3528.81,3.26
165.38,3529.66,3.31
165.46,3531.37,3.15
165.48,3531.9,2.97
165.49,3532.22,3.23
165.53,3533.08,3.03
165.57,3533.93,3.31
165.6,3534.79,3.21
165.63,3535.37,3.21
165.64,3535.64,3.24
165.72,3537.35,3.29
165.75,3538.21,3.06
165.79,3539.06,3.14
165.83,3539.92,2.97
165.86,3540.61,3.03
165.9,3541.28,3.18
165.92,3541.65,3.13
165.94,3541.96,3.19
166.04,3543.84,3.35
166.05,3543.99,3.36
166.09,3544.82,3.34
166.15,3545.88,3.47
166.21,3546.95,3.39
166.27,3548.01,3.29
166.31,3548.78,3.53
166.33,3549.08,3.61
166.38,3550.14,3.46
166.44,3551.21,3.51
166.5,3552.27,3.3
166.54,3552.99,3.32
166.56,3553.34,3.2
166.62,3554.4,3.39
166.68,3555.47,3.32
166.73,3556.54,3.28
166.77,3557.2,3.36
166.79,3557.6,3.21
166.85,3558.67,3.4
166.91,3559.73,3.22
166.97,3560.8,3.39
167,3561.4,3.37
167.03,3561.86,3.26
167.08,3562.93,3.42
167.14,3563.94,3.33
167.18,3564.74,3.32
167.22,3565.43,3.28
167.23,3565.54,3.33
167.27,3566.34,3.21
167.31,3567.14,3.34
167.36,3567.94,3.21
167.38,3568.35,3.24
167.4,3568.74,3.31
167.45,3569.54,3.25
167.49,3570.34,3.18
167.53,3571.14,3.4
167.62,3572.74,3.26
167.66,3573.54,3.34
167.71,3574.34,3.26
167.73,3574.76,3.41
167.75,3575.14,3.26
167.8,3575.95,3.18
167.88,3577.55,3.28
167.91,3578.05,3.05
167.93,3578.35,3.27
167.97,3579.15,3.3
168.01,3579.95,3.39
168.06,3580.75,3.24
168.08,3581.16,3.32
168.1,3581.55,3.19
168.15,3582.35,3.38
168.19,3583.15,2.97
168.23,3583.95,3.24
168.25,3584.27,3.36
168.28,3584.75,3.25
168.32,3585.55,3.47
168.36,3586.35,3.2
168.41,3587.15,3.26
168.45,3587.95,3.33
168.5,3588.75,3.24
168.54,3589.55,3.17
168.58,3590.35,3.33
168.6,3590.67,3.18
168.62,3591.05,3.28
168.66,3591.69,3.29
168.69,3592.32,3.26
168.73,3592.96,3.22
168.74,3593.23,3.32
168.76,3593.59,3.16
168.79,3594.23,3.14
168.83,3594.86,3.28
168.85,3595.24,3.17
168.88,3595.72,3.08
168.94,3596.92,3.12
169.01,3598.11,2.88
169.02,3598.35,3.26
169.07,3599.31,2.77
169.14,3600.5,3.23
169.18,3601.28,2.81
169.2,3601.69,3.17
169.27,3602.89,3.22
169.33,3604.08,3.15
169.4,3605.28,3.09
169.44,3606.04,3.22
169.46,3606.47,3.19
169.53,3607.67,3.15
169.59,3608.86,3.01
169.66,3610.06,3.13
169.69,3610.61,3.38
169.73,3611.25,3.12
169.79,3612.45,3.17
169.86,3613.64,3.16
169.92,3614.84,3.24
169.95,3615.37,3.33
169.99,3616.03,3.41
170.05,3617.22,3.22
170.12,3618.42,3.18
170.17,3619.43,3.26
170.2,3619.94,3.33
170.22,3620.39,3.38
170.27,3621.22,3.34
170.28,3621.36,3.47
170.33,3622.32,3.55
170.38,3623.28,3.22
170.41,3623.78,3.58
170.44,3624.25,3.55
170.47,3624.88,3.47
170.49,3625.21,3.5
170.54,3626.18,3.48
170.59,3627.14,3.56
170.62,3627.62,3.6
170.65,3628.1,3.28
170.67,3628.54,3.53
170.7,3629.07,3.55
170.74,3629.82,3.82
170.75,3630.03,3.54
170.79,3630.7,3.42
170.8,3630.95,3.5
170.83,3631.4,3.62
170.84,3631.57,3.67
170.86,3631.87,3.55
170.87,3632.1,3.61
170.89,3632.45,3.56
170.91,3632.79,3.68
170.94,3633.32,3.64
170.96,3633.71,3.52
170.99,3634.19,3.73
171.02,3634.63,3.69
171.02,3634.72,3.52
171.04,3635.07,2.95
171.19,3637.69,3.5
171.22,3638.21,3.63
171.24,3638.56,3.52
171.29,3639.43,3.27
171.34,3640.31,3.44
171.39,3641.18,3.27
171.43,3641.79,3.22
171.44,3642.05,3.33
171.49,3642.93,3.15
171.54,3643.8,3.18
171.57,3644.32,3.32
171.59,3644.67,3.28
171.64,3645.55,2.99
171.69,3646.42,3.15
171.74,3647.29,3.2
171.79,3648.17,2.96
171.82,3648.69,3.17
171.89,3649.91,3.15
171.94,3650.79,3.06
171.99,3651.66,3.42
172.02,3652.18,3.28
172.09,3653.41,3.27
172.14,3654.28,3.33
172.19,3655.15,3.42
172.22,3655.68,3.4
172.29,3656.9,3.45
172.34,3657.77,3.38
172.39,3658.65,3.42
172.42,3659.17,3.5
172.44,3659.52,3.68
172.49,3660.39,3.3
172.54,3661.27,3.43
172.59,3662.14,3.64
172.62,3662.66,3.63
172.64,3663.01,3.48
172.69,3663.89,3.36
172.74,3664.76,3.86
172.79,3665.63,3.69
172.82,3666.16,3.57
172.84,3666.51,3.72
172.89,3667.38,3.65
172.94,3668.25,3.67
172.99,3669.13,3.51
173.02,3669.65,3.54
173.04,3670,3.93
173.09,3671.02,3.5
173.14,3672.04,3.37
173.19,3673.06,3.83
173.22,3673.67,3.61
173.24,3674.08,3.69
173.29,3675.1,3.52
173.34,3676.12,3.61
173.37,3676.73,3.55
173.39,3677.14,3.54
173.44,3678.16,3.3
173.49,3679.18,3.64
173.54,3680.2,3.32
173.59,3681.22,3.2
173.62,3681.84,3.27
173.64,3682.24,3.46
173.69,3683.27,3.1
173.74,3684.29,3.32
173.79,3685.31,3.16
173.82,3685.92,3.28
173.84,3686.33,3.17
173.89,3687.35,3.34
173.94,3688.37,3.25
173.99,3689.39,3.31
174.02,3690,3.17
174.04,3690.24,3.3
174.09,3690.84,3.23
174.14,3691.44,3.25
174.19,3692.04,3.32
174.22,3692.4,3.18
174.24,3692.63,3.51
174.29,3693.23,3.23
174.34,3693.83,3.48
174.37,3694.19,3.21
174.39,3694.43,3.12
174.44,3695.03,3.28
174.49,3695.63,3.33
174.54,3696.23,3.2
174.59,3696.83,3.15
174.64,3697.43,3.26
174.69,3698.02,3.33
174.74,3698.62,3.21
174.79,3699.22,3.41
174.89,3700.42,3.33
174.94,3701.02,3.26
174.99,3701.62,3.5
175.02,3701.98,3.34
175.04,3702.22,3.56
175.09,3702.81,3.4
175.1,3702.92,3.36
175.14,3703.41,3.42
175.14,3703.47,3.31
175.19,3704.01,3.6
175.22,3704.37,3.47
175.24,3704.61,3.42
175.29,3705.21,3.46
175.32,3705.51,3.49
175.34,3705.81,3.43
175.44,3707.01,3.55
175.57,3708.51,3.54
175.69,3710.02,3.6
175.82,3711.67,3.42
176.07,3714.98,3.56
176.19,3716.64,3.56
176.32,3718.29,3.44
176.57,3721.6,3.3
176.57,3721.62,3.38
176.69,3723.26,3.31
176.82,3724.91,3.26
176.94,3726.57,3.16
177.07,3728.22,3.19
177.14,3729.15,3.11
177.19,3729.88,3.18
177.26,3730.73,3.16
177.31,3731.37,3.16
177.36,3732.02,3.12
177.38,3732.32,3.15
177.41,3732.67,3.17
177.5,3733.96,3.18
177.55,3734.61,3.37
177.58,3734.96,3.18
177.6,3735.26,3.1
177.65,3735.9,3.3
177.7,3736.55,3.22
177.74,3737.08,3.31
177.75,3737.2,3.27
177.8,3737.84,3.07
177.85,3738.49,3.17
177.9,3739.14,3.31
177.91,3739.32,3.46
177.95,3739.79,3.13
177.99,3740.43,3.13
178.04,3741.08,3.33
178.09,3741.73,3.58
178.14,3742.37,3.44
178.17,3742.75,3.6
178.19,3743.02,3.44
178.24,3743.67,3.38
178.29,3744.32,3.4
178.34,3744.96,3.58
178.36,3745.68,3.45
178.39,3746.58,3.48
178.44,3748.26,3.52
178.48,3749.93,3.44
178.53,3751.61,3.41
178.58,3753.29,3.4
178.63,3754.97,3.37
178.68,3756.64,3.19
178.71,3757.67,3.35
178.73,3758.32,3.34
178.78,3760,3.28
178.83,3761.68,3.28
178.88,3763.35,3.23
178.92,3765.03,3.25
178.96,3766.23,3.3
178.97,3766.71,3.19
179.02,3768.39,3.15
179.07,3770.06,3.2
179.12,3771.74,2.91
179.15,3772.74,3.22
179.17,3773.37,3.04
179.21,3774.8,3.22
179.25,3776.24,3.34
179.29,3777.67,3.29
179.32,3778.56,3.1
179.34,3779.11,3.33
179.38,3780.54,3.11
179.42,3781.98,3.36
179.46,3783.41,3.13
179.49,3784.38,3.24
179.5,3784.85,3.16
179.55,3786.28,3.15
179.59,3787.72,3.29
179.61,3788.49,3.4
179.63,3789.15,3.22
179.67,3790.59,3.26
179.71,3792.02,3.32
179.75,3793.46,3.31
179.78,3794.32,3.48
179.8,3794.89,3.49
179.84,3795.94,3.4
179.88,3796.96,3.35
179.92,3797.98,3.05
179.96,3799,2.91
180.01,3800.02,2.91
180.05,3801.03,3.04
180.09,3802.05,2.86
180.13,3803.07,2.89
180.17,3804.09,2.99
180.22,3805.11,2.99
180.26,3806.13,3.07
180.3,3807.14,2.93
180.34,3808.16,3.06
180.38,3809.18,3.05
180.43,3810.2,3.12
180.47,3811.22,3.1
180.51,3812.24,3.02
180.55,3813.25,2.98
180.59,3814.27,3
180.69,3816.7,3.04
180.72,3817.36,3.18
180.74,3817.92,3.04
180.79,3819.13,3.04
180.84,3820.28,3.06
180.89,3821.49,3.28
180.92,3822.22,3.05
180.94,3822.71,3.48
180.99,3823.92,3.34
181.04,3825.14,3.22
181.07,3825.87,3.47
181.09,3826.35,2.99
181.14,3827.57,3.21
181.19,3828.78,3.19
181.24,3830,3.33
181.29,3831.15,3.22
181.32,3831.85,3.25
181.34,3832.31,2.91
181.39,3833.46,3.2
181.44,3834.62,3.17
181.49,3835.77,3
181.52,3836.46,3.22
181.59,3838.08,3.02
181.64,3839.23,2.87
181.69,3840.38,2.81
181.72,3841.08,3.28
181.74,3841.54,2.76
181.84,3843.85,2.93
181.89,3845,2.98
181.92,3845.69,3.09
181.94,3846.15,2.91
181.99,3847.31,2.94
182.04,3848.46,2.87
182.07,3849.15,3.19
182.09,3849.62,3.06
182.14,3850.77,3.06
182.19,3851.92,2.99
182.24,3853.08,3.09
182.29,3854.23,2.98
182.32,3854.92,3.29
182.34,3855.38,2.85
182.39,3856.54,2.99
182.44,3857.69,3
182.49,3858.85,3.01
182.51,3859.31,3.37
182.54,3860,2.89
182.59,3861.15,3.19
182.64,3862.31,3.16
182.69,3863.46,3.13
182.72,3864.15,3.3
182.74,3864.62,3.22
182.79,3865.77,2.94
182.84,3866.92,3.16
182.89,3868.08,2.83
182.92,3868.77,3.57
182.94,3869.23,3.21
182.99,3870.38,3.22
183.04,3871.54,3.33
183.07,3872.23,3.48
183.09,3872.69,3.29
183.14,3873.85,3.34
183.19,3875,3.43
183.24,3875.9,3.28
183.29,3876.8,3.38
183.32,3877.34,3.23
183.34,3877.7,3.33
183.39,3878.6,3.3
183.44,3879.5,3.06
183.49,3880.4,3.04
183.52,3880.94,3.36
183.54,3881.3,3.22
183.59,3882.2,3.24
183.64,3883.1,3.13
183.74,3884.9,3.13
183.79,3885.8,3.09
183.84,3886.7,3.06
183.89,3887.6,3.15
183.92,3888.14,3.29
183.94,3888.5,3.14
183.99,3889.4,2.68
184.04,3890.3,2.93
184.07,3890.84,3.15
184.09,3891.2,3.1
184.14,3892.1,2.91
184.19,3893,3.15
184.24,3893.9,2.99
184.29,3894.8,3.18
184.32,3895.34,3.13
184.34,3895.7,3
184.39,3896.6,3.17
184.44,3897.5,2.93
184.49,3898.4,3.04
184.52,3898.94,3.19
184.59,3900.2,2.91
184.69,3902,2.99
184.72,3902.54,3.34
184.74,3902.9,2.99
184.79,3903.8,3.06
184.84,3904.7,3.07
184.89,3905.6,3
184.92,3906.14,3.05
184.94,3906.5,3.04
184.99,3907.4,3.14
185.04,3908.3,2.99
185.07,3908.84,3.26
185.09,3909.2,2.97
185.14,3910.1,3.15
185.19,3911,3.08
185.24,3911.9,3.11
185.32,3913.34,3.26
185.34,3913.7,3.17
185.39,3914.6,3.06
185.44,3915.5,3.12
185.52,3916.94,3.3
185.54,3917.3,3.18
185.59,3918.2,3.28
185.64,3919.1,3.15
185.69,3920,3.32
185.72,3920.79,3.48
185.74,3921.32,3
185.79,3922.64,3.14
185.84,3923.96,2.98
185.89,3925.28,2.92
185.92,3926.07,3.26
185.94,3926.6,2.91
185.99,3927.92,2.83
186.04,3929.24,3.02
186.07,3930.04,3.23
186.09,3930.56,2.96
186.14,3931.88,2.91
186.19,3933.2,3.11
186.24,3934.52,3.02
186.29,3935.85,2.96
186.32,3936.64,3.22
186.34,3937.17,3
186.39,3938.49,3.03
186.44,3939.81,2.87
186.49,3941.13,3.01
186.52,3941.92,3.14
186.54,3942.45,2.97
186.55,3942.8,2.94
186.59,3943.77,3.09
186.64,3945.09,3.13
186.65,3945.42,3.14
186.69,3946.41,3
186.7,3946.73,3.02
186.75,3948.03,3.28
186.76,3948.26,2.72
186.8,3949.34,3.1
186.85,3950.65,3.09
186.9,3951.96,3.05
186.92,3952.48,3.27
186.95,3953.26,3.12
187,3954.57,3.02
187.05,3955.88,3.07
187.1,3957.19,2.82
187.16,3958.82,3.17
187.2,3959.8,3.3
187.25,3961.11,3.24
187.3,3962.42,3.08
187.35,3963.72,3.31
187.36,3964.1,3.41
187.4,3965.03,3
187.44,3966.34,3.25
187.49,3967.64,3.01
187.54,3968.95,3.09
187.59,3970.26,3.05
187.64,3971.57,3.22
187.69,3972.87,3.07
187.74,3974.18,3.25
187.75,3974.4,3.27
187.79,3975.49,3.06
187.84,3976.8,3.13
187.89,3978.1,3.21
187.91,3978.63,3.4
187.94,3979.41,3.23
187.99,3980.72,3.26
188.04,3982.03,3.15
188.09,3983.33,3.27
188.14,3984.64,3.36
188.15,3984.96,3.25
188.19,3985.95,3.26
188.24,3987.26,3.31
188.29,3988.56,3.27
188.34,3989.87,3.4
188.35,3990.25,3.58
188.39,3991.18,3.41
188.43,3992.49,3.32
188.48,3993.79,3.44
188.53,3995.08,3.57
188.54,3995.21,3.59
188.58,3996.13,3.34
188.63,3997.19,3.13
188.68,3998.24,3.41
188.73,3999.29,3.29
188.74,3999.47,3.42
188.78,4000.35,3.35
188.83,4001.4,3.4
188.88,4002.45,3.44
188.91,4003.09,3.24
188.93,4003.51,3.25
188.98,4004.56,3.25
189.03,4005.61,3.2
189.08,4006.67,3.33
189.11,4007.34,3.22
189.13,4007.72,3.17
189.18,4008.77,3.13
189.23,4009.83,3.16
189.28,4010.88,3.03
189.33,4011.93,3.22
189.33,4012.02,3.28
189.38,4012.99,3.22
189.42,4014.04,3.21
189.47,4015.09,3.02
189.52,4016.14,3.21
189.53,4016.26,3.21
189.57,4017.18,3.23
189.62,4018.22,3.34
189.67,4019.26,3.34
189.72,4020.31,3.24
189.73,4020.47,2.98
189.82,4022.39,3.07
189.87,4023.43,3.14
189.89,4023.84,3.16
189.92,4024.47,3.32
190.02,4026.56,3.27
190.07,4027.6,3.16
190.12,4028.64,3.23
190.13,4028.89,3.3
190.17,4029.69,3.32
190.22,4030.73,3.29
190.27,4031.77,3.43
190.32,4032.81,3.19
190.32,4032.89,3.65
190.37,4033.85,3.27
190.42,4034.9,3.44
190.46,4035.94,3.52
190.51,4036.98,3.28
190.52,4037.11,3.43
190.56,4038.02,3.2
190.61,4039.07,2.85
190.66,4040.11,3.57
190.71,4041.15,3.39
190.72,4041.32,3.23
190.76,4042.19,3.29
190.86,4044.28,3.31
190.89,4044.89,3.37
190.91,4045.32,3.02
190.96,4046.43,3.27
191.02,4047.57,3.34
191.07,4048.72,3.2
191.13,4049.87,3.15
191.13,4049.95,3.34
191.18,4051.01,3.11
191.24,4052.16,3.12
191.29,4053.31,3.07
191.34,4054.46,3.03
191.35,4054.58,3.23
191.4,4055.6,3.16
191.45,4056.75,3.06
191.51,4057.9,3.01
191.56,4059.05,3.08
191.57,4059.21,3.16
191.62,4060.19,3.15
191.67,4061.34,3.43
191.73,4062.49,3.25
191.83,4064.78,3.21
191.89,4065.93,3.25
191.92,4066.58,3.29
191.94,4067.08,3.04
192,4068.23,3.27
192.05,4069.37,3.33
192.11,4070.52,3.21
192.12,4070.79,3.29
192.27,4073.95,3.28
192.48,4078.37,3.48
192.72,4083.42,3.34
192.92,4087.63,3.24
193.12,4091.84,3.28
193.26,4094.79,3.21
193.48,4099.42,3.17
193.72,4104.47,3.3
193.92,4108.68,3.07
194.12,4112.89,3.23
194.27,4116.05,3.1
194.52,4121.32,3.13
194.72,4125.53,3.38
194.92,4129.74,3.3
195.27,4137.11,3.14
195.49,4141.74,3.21
195.72,4146.58,3.28
195.92,4150.79,3.35
196.12,4155,3.41
196.32,4158.25,3.26
196.47,4160.69,3.29
196.68,4164.1,3.27
196.88,4167.35,2.97
197.12,4171.25,3.23
197.49,4177.26,3.24
197.71,4180.83,3.3
197.72,4180.99,3.18
197.9,4183.92,3.22
198.09,4187,3.25
198.24,4189.44,3.3
198.43,4192.53,3.27
198.69,4196.75,3.35
198.89,4200,3.47
199.09,4204.89,3.09
199.24,4208.56,3.15
199.47,4214.18,3.57
199.82,4222.74,3.33
200.03,4227.88,3.21
200.19,4231.79,3.48
200.41,4237.17,3.31
200.65,4243.04,3.22
200.86,4248.18,3.31
201.06,4253.07,3.11
201.21,4256.74,3.24
201.39,4261.14,3.2
201.6,4266.28,3.16
201.78,4270.68,3.36
201.97,4275.33,3.19
202.23,4281.68,3.23
202.37,4285.11,3.26
202.57,4290,3.32