age_ka,d18O_unadj,d18O std,Upper 95%,Lower 95%
0,3.22,0.15,3.52,2.92
1,3.22,0.21,3.64,2.81
2,3.22,0.14,3.50,2.94
3,3.27,0.20,3.67,2.87
4,3.23,0.16,3.54,2.91
5,3.27,0.15,3.56,2.98
6,3.39,0.36,4.08,2.69
7,3.31,0.13,3.57,3.04
8,3.38,0.19,3.74,3.02
9,3.46,0.13,3.72,3.21
10,3.58,0.29,4.16,3.00
11,3.72,0.24,4.19,3.25
12,3.92,0.29,4.50,3.35
13,4.00,0.17,4.33,3.67
14,4.14,0.22,4.57,3.71
15,4.15,0.38,4.90,3.41
16,4.41,0.16,4.72,4.09
17,4.62,0.26,5.13,4.11
18,4.72,0.27,5.25,4.19
19,4.87,0.19,5.24,4.51
20,4.89,0.17,5.23,4.54
21,4.91,0.12,5.15,4.66
22,4.94,0.09,5.12,4.76
23,4.89,0.13,5.15,4.63
24,4.88,0.12,5.12,4.64
25,4.87,0.09,5.05,4.69
26,4.57,0.44,5.44,3.71
27,4.83,0.14,5.10,4.55
28,4.79,0.09,4.97,4.61
29,4.75,0.13,5.01,4.49
30,4.73,0.15,5.03,4.44
31,4.70,0.12,4.94,4.45
32,4.68,0.12,4.92,4.44
33,4.70,0.18,5.06,4.34
34,4.69,0.13,4.95,4.43
35,4.64,0.12,4.87,4.41
36,4.63,0.10,4.82,4.43
37,4.55,0.14,4.83,4.28
38,4.48,0.27,5.00,3.96
39,4.55,0.11,4.77,4.33
40,4.54,0.13,4.80,4.28
41,4.45,0.20,4.83,4.06
42,4.50,0.15,4.79,4.21
43,4.53,0.10,4.73,4.33
44,4.53,0.12,4.77,4.30
45,4.52,0.10,4.73,4.32
46,4.47,0.12,4.70,4.24
47,4.47,0.09,4.65,4.28
48,4.47,0.18,4.83,4.12
49,4.44,0.15,4.73,4.16
50,4.39,0.17,4.72,4.06
51,4.46,0.08,4.63,4.30
52,4.45,0.22,4.88,4.02
53,4.44,0.15,4.73,4.15
54,4.40,0.08,4.56,4.25
55,4.36,0.13,4.61,4.10
56,4.32,0.11,4.53,4.10
57,4.31,0.11,4.53,4.08
58,4.33,0.14,4.61,4.04
59,4.34,0.14,4.61,4.08
60,4.34,0.12,4.57,4.10
61,4.35,0.20,4.74,3.95
62,4.39,0.10,4.60,4.19
63,4.42,0.13,4.67,4.17
64,4.37,0.23,4.82,3.92
65,4.38,0.23,4.83,3.92
66,4.52,0.11,4.74,4.30
67,4.53,0.15,4.83,4.22
68,4.54,0.18,4.89,4.19
69,4.55,0.10,4.76,4.35
70,4.52,0.13,4.78,4.27
71,4.42,0.28,4.97,3.88
72,4.47,0.13,4.72,4.22
73,4.41,0.11,4.63,4.19
74,4.32,0.17,4.65,3.99
75,4.28,0.24,4.76,3.80
76,4.24,0.14,4.51,3.98
77,4.23,0.18,4.58,3.89
78,4.18,0.14,4.45,3.90
79,4.10,0.20,4.50,3.71
80,4.07,0.15,4.35,3.78
81,4.01,0.14,4.29,3.73
82,3.97,0.22,4.40,3.55
83,3.95,0.22,4.38,3.52
84,3.94,0.37,4.67,3.21
85,3.98,0.36,4.68,3.27
86,3.95,0.31,4.56,3.33
87,3.97,0.30,4.56,3.38
88,4.09,0.25,4.58,3.60
89,4.16,0.25,4.64,3.67
90,4.22,0.23,4.66,3.77
91,4.15,0.17,4.48,3.82
92,4.13,0.14,4.40,3.86
93,4.11,0.13,4.37,3.85
94,4.01,0.16,4.32,3.70
95,3.98,0.10,4.18,3.77
96,3.95,0.15,4.23,3.67
97,3.89,0.08,4.05,3.72
98,3.79,0.16,4.11,3.47
99,3.81,0.35,4.49,3.13
100,3.81,0.10,4.00,3.62
101,3.86,0.17,4.19,3.53
102,3.93,0.25,4.42,3.45
103,3.87,0.23,4.33,3.41
104,3.86,0.14,4.13,3.58
105,3.85,0.32,4.48,3.23
106,3.92,0.21,4.32,3.51
107,3.93,0.27,4.45,3.41
108,3.97,0.26,4.49,3.45
109,3.99,0.23,4.44,3.54
110,3.99,0.30,4.59,3.40
111,4.04,0.15,4.34,3.74
112,4.04,0.20,4.44,3.64
113,3.99,0.25,4.48,3.50
114,3.95,0.11,4.16,3.74
115,3.88,0.27,4.40,3.36
116,3.75,0.22,4.18,3.32
117,3.62,0.18,3.98,3.27
118,3.60,0.30,4.18,3.02
119,3.36,0.15,3.65,3.07
120,3.35,0.21,3.76,2.94
121,3.44,0.45,4.32,2.56
122,3.15,0.11,3.37,2.93
123,3.10,0.10,3.29,2.90
124,3.32,0.39,4.08,2.56
125,3.06,0.14,3.35,2.78
126,3.13,0.18,3.49,2.77
127,3.38,0.36,4.09,2.67
128,3.57,0.47,4.49,2.65
129,3.98,0.57,5.10,2.87
130,3.84,0.38,4.58,3.10
131,4.03,0.26,4.54,3.51
132,4.30,0.23,4.74,3.85
133,4.38,0.38,5.13,3.64
134,4.61,0.23,5.06,4.16
135,4.82,0.13,5.08,4.57
136,4.71,0.29,5.28,4.13
137,4.85,0.16,5.17,4.54
138,4.89,0.13,5.13,4.64
139,4.81,0.27,5.34,4.28
140,4.91,0.15,5.20,4.63
141,4.85,0.12,5.09,4.62
142,4.76,0.21,5.17,4.35
143,4.78,0.15,5.08,4.48
144,4.73,0.10,4.93,4.53
145,4.66,0.30,5.25,4.07
146,4.69,0.13,4.94,4.44
147,4.65,0.19,5.02,4.28
148,4.62,0.13,4.88,4.36
149,4.57,0.33,5.20,3.93
150,4.61,0.12,4.85,4.37
151,4.61,0.15,4.90,4.31
152,4.60,0.12,4.83,4.37
153,4.57,0.18,4.91,4.22
154,4.61,0.11,4.83,4.39
155,4.56,0.31,5.16,3.96
156,4.65,0.14,4.93,4.37
157,4.66,0.20,5.05,4.26
158,4.68,0.16,4.99,4.38
159,4.67,0.16,4.98,4.36
160,4.68,0.22,5.11,4.25
161,4.70,0.08,4.86,4.53
162,4.64,0.36,5.35,3.94
163,4.66,0.11,4.87,4.44
164,4.65,0.19,5.02,4.28
165,4.60,0.10,4.80,4.41
166,4.53,0.11,4.74,4.32
167,4.49,0.24,4.97,4.02
168,4.54,0.11,4.76,4.32
169,4.50,0.12,4.74,4.27
170,4.42,0.23,4.88,3.96
171,4.45,0.13,4.71,4.19
172,4.47,0.08,4.64,4.30
173,4.42,0.10,4.62,4.22
174,4.38,0.18,4.72,4.03
175,4.34,0.15,4.62,4.06
176,4.32,0.24,4.79,3.84
177,4.38,0.19,4.75,4.01
178,4.32,0.22,4.76,3.88
179,4.27,0.30,4.85,3.69
180,4.41,0.14,4.69,4.13
181,4.42,0.09,4.59,4.25
182,4.42,0.07,4.56,4.28
183,4.41,0.13,4.67,4.16
184,4.45,0.13,4.70,4.20
185,4.49,0.31,5.10,3.88
186,4.49,0.10,4.68,4.30
187,4.47,0.13,4.73,4.22
188,4.35,0.18,4.70,4.00
189,4.27,0.14,4.55,3.99
190,4.16,0.20,4.55,3.76
191,4.17,0.26,4.67,3.67
192,4.11,0.27,4.63,3.58
193,4.07,0.30,4.66,3.47
194,4.01,0.17,4.35,3.67
195,3.99,0.19,4.37,3.61
196,3.89,0.16,4.20,3.58
197,3.77,0.14,4.04,3.50
198,3.76,0.23,4.22,3.31
199,3.60,0.16,3.92,3.28
200,3.75,0.39,4.52,2.99
201,3.52,0.15,3.80,3.23
202,3.53,0.18,3.88,3.18
203,3.71,0.25,4.20,3.22
204,3.72,0.27,4.25,3.19
205,3.78,0.31,4.38,3.18
206,3.72,0.21,4.13,3.32
207,3.82,0.25,4.31,3.33
208,3.71,0.09,3.88,3.53
209,3.77,0.19,4.14,3.39
210,3.64,0.13,3.89,3.39
211,3.54,0.09,3.72,3.37
212,3.67,0.42,4.49,2.85
213,3.60,0.30,4.18,3.02
214,3.48,0.17,3.81,3.16
215,3.58,0.33,4.22,2.94
216,3.53,0.11,3.75,3.31
217,3.55,0.22,3.99,3.11
218,3.76,0.26,4.26,3.25
219,4.06,0.40,4.83,3.28
220,4.05,0.44,4.91,3.20
221,4.17,0.38,4.92,3.41
222,4.31,0.23,4.76,3.86
223,4.41,0.15,4.70,4.12
224,4.43,0.14,4.70,4.16
225,4.29,0.28,4.84,3.75
226,4.34,0.17,4.69,4.00
227,4.25,0.16,4.56,3.94
228,4.26,0.17,4.60,3.92
229,4.10,0.32,4.73,3.47
230,4.17,0.17,4.49,3.84
231,4.13,0.18,4.49,3.77
232,4.03,0.26,4.55,3.52
233,3.94,0.27,4.46,3.42
234,3.87,0.20,4.27,3.48
235,3.68,0.17,4.01,3.36
236,3.73,0.32,4.35,3.10
237,3.48,0.10,3.68,3.28
238,3.52,0.23,3.96,3.08
239,3.41,0.14,3.70,3.13
240,3.37,0.23,3.83,2.91
241,3.70,0.50,4.68,2.73
242,3.64,0.36,4.35,2.93
243,3.85,0.38,4.59,3.10
244,4.04,0.33,4.68,3.40
245,4.24,0.25,4.73,3.76
246,4.35,0.10,4.54,4.16
247,4.23,0.39,4.99,3.47
248,4.46,0.17,4.80,4.12
249,4.53,0.17,4.86,4.19
250,4.61,0.26,5.12,4.09
251,4.63,0.26,5.14,4.12
252,4.61,0.22,5.05,4.18
253,4.55,0.17,4.88,4.23
254,4.56,0.13,4.81,4.30
255,4.41,0.30,5.01,3.81
256,4.49,0.18,4.83,4.14
257,4.48,0.12,4.72,4.23
258,4.42,0.18,4.77,4.08
259,4.48,0.11,4.69,4.27
260,4.42,0.11,4.64,4.19
261,4.41,0.10,4.61,4.21
262,4.40,0.13,4.66,4.15
263,4.42,0.33,5.06,3.77
264,4.39,0.24,4.86,3.91
265,4.41,0.31,5.02,3.80
266,4.48,0.18,4.84,4.13
267,4.53,0.12,4.75,4.30
268,4.43,0.28,4.98,3.88
269,4.49,0.10,4.69,4.29
270,4.57,0.12,4.80,4.34
271,4.53,0.18,4.88,4.17
272,4.42,0.29,4.98,3.86
273,4.51,0.12,4.74,4.28
274,4.46,0.09,4.64,4.29
275,4.41,0.16,4.71,4.10
276,4.30,0.21,4.71,3.88
277,4.32,0.11,4.53,4.11
278,4.28,0.18,4.62,3.93
279,4.33,0.15,4.63,4.03
280,4.26,0.22,4.68,3.83
281,4.09,0.17,4.43,3.75
282,4.06,0.16,4.37,3.75
283,3.92,0.14,4.19,3.65
284,3.84,0.14,4.12,3.56
285,3.81,0.10,4.01,3.62
286,3.78,0.11,4.00,3.57
287,3.82,0.16,4.13,3.51
288,3.84,0.19,4.20,3.47
289,3.92,0.14,4.18,3.65
290,4.01,0.22,4.45,3.57
291,4.13,0.12,4.36,3.89
292,4.22,0.19,4.60,3.85
293,4.20,0.24,4.67,3.73
294,4.29,0.13,4.55,4.03
295,4.35,0.12,4.59,4.11
296,4.26,0.25,4.75,3.77
297,4.34,0.12,4.58,4.10
298,4.24,0.17,4.57,3.92
299,4.23,0.23,4.68,3.78
300,4.20,0.23,4.64,3.76
301,4.12,0.15,4.41,3.83
302,4.04,0.17,4.38,3.70
303,4.00,0.19,4.38,3.62
304,3.96,0.22,4.40,3.52
305,3.92,0.16,4.24,3.61
306,3.97,0.17,4.29,3.64
307,3.99,0.11,4.20,3.78
308,3.96,0.13,4.21,3.72
309,3.99,0.23,4.43,3.55
310,3.86,0.11,4.08,3.64
311,3.78,0.11,3.99,3.57
312,3.76,0.20,4.14,3.38
313,3.65,0.14,3.93,3.37
314,3.68,0.12,3.91,3.44
315,3.60,0.23,4.05,3.15
316,3.69,0.15,3.98,3.41
317,3.70,0.19,4.07,3.32
318,3.63,0.16,3.94,3.32
319,3.59,0.08,3.76,3.42
320,3.76,0.28,4.30,3.21
321,3.53,0.14,3.80,3.26
322,3.45,0.11,3.66,3.24
323,3.37,0.23,3.82,2.92
324,3.29,0.07,3.43,3.15
325,3.35,0.25,3.85,2.85
326,3.22,0.10,3.41,3.03
327,3.17,0.08,3.33,3.01
328,3.37,0.33,4.02,2.73
329,3.15,0.14,3.43,2.88
330,3.39,0.37,4.12,2.67
331,3.26,0.22,3.68,2.84
332,3.61,0.50,4.59,2.63
333,3.49,0.42,4.32,2.66
334,3.62,0.26,4.13,3.11
335,3.88,0.23,4.33,3.42
336,4.10,0.32,4.72,3.47
337,4.37,0.35,5.05,3.69
338,4.34,0.44,5.20,3.47
339,4.58,0.21,5.00,4.16
340,4.51,0.46,5.42,3.60
341,4.83,0.21,5.23,4.42
342,4.72,0.25,5.22,4.22
343,4.82,0.18,5.17,4.47
344,4.59,0.38,5.33,3.85
345,4.76,0.15,5.05,4.47
346,4.73,0.09,4.91,4.56
347,4.66,0.18,5.02,4.30
348,4.44,0.42,5.26,3.62
349,4.65,0.08,4.81,4.48
350,4.57,0.12,4.80,4.34
351,4.63,0.10,4.83,4.43
352,4.45,0.42,5.27,3.62
353,4.58,0.10,4.78,4.37
354,4.32,0.43,5.17,3.47
355,4.52,0.13,4.79,4.26
356,4.50,0.21,4.91,4.08
357,4.50,0.14,4.76,4.23
358,4.50,0.12,4.74,4.25
359,4.23,0.52,5.25,3.20
360,4.48,0.12,4.72,4.25
361,4.32,0.32,4.95,3.68
362,4.44,0.15,4.74,4.15
363,4.51,0.09,4.69,4.34
364,4.30,0.36,5.00,3.60
365,4.45,0.09,4.62,4.29
366,4.26,0.39,5.02,3.50
367,4.39,0.09,4.57,4.21
368,4.39,0.10,4.59,4.19
369,4.35,0.09,4.53,4.17
370,4.32,0.11,4.53,4.11
371,4.26,0.18,4.61,3.92
372,4.27,0.08,4.43,4.11
373,4.19,0.22,4.61,3.77
374,4.24,0.15,4.53,3.95
375,4.21,0.19,4.57,3.84
376,4.19,0.16,4.49,3.88
377,4.18,0.13,4.44,3.92
378,4.16,0.12,4.39,3.93
379,4.14,0.13,4.40,3.88
380,4.16,0.17,4.49,3.83
381,4.15,0.22,4.58,3.72
382,4.13,0.32,4.75,3.51
383,4.08,0.21,4.48,3.67
384,4.03,0.24,4.50,3.56
385,4.11,0.34,4.77,3.44
386,4.03,0.09,4.21,3.86
387,4.03,0.28,4.59,3.48
388,3.93,0.11,4.15,3.72
389,3.86,0.10,4.06,3.66
390,3.86,0.12,4.10,3.62
391,3.90,0.27,4.43,3.37
392,3.89,0.27,4.41,3.37
393,3.77,0.19,4.14,3.40
394,3.88,0.29,4.45,3.32
395,3.67,0.17,4.00,3.34
396,3.65,0.20,4.04,3.27
397,3.53,0.13,3.78,3.28
398,3.49,0.16,3.81,3.17
399,3.49,0.44,4.34,2.63
400,3.35,0.08,3.52,3.18
401,3.33,0.20,3.73,2.93
402,3.18,0.10,3.38,2.99
403,3.20,0.13,3.46,2.93
404,3.17,0.12,3.41,2.93
405,3.15,0.10,3.35,2.95
406,3.15,0.10,3.35,2.94
407,3.37,0.38,4.11,2.64
408,3.19,0.12,3.42,2.97
409,3.17,0.17,3.51,2.82
410,3.20,0.11,3.42,2.97
411,3.29,0.11,3.51,3.06
412,3.31,0.14,3.59,3.04
413,3.32,0.10,3.51,3.12
414,3.46,0.25,3.96,2.96
415,3.40,0.13,3.65,3.15
416,3.44,0.14,3.71,3.18
417,3.54,0.13,3.79,3.29
418,3.60,0.11,3.81,3.39
419,3.67,0.21,4.08,3.27
420,3.72,0.09,3.91,3.54
421,3.78,0.14,4.06,3.51
422,3.91,0.32,4.53,3.29
423,3.85,0.12,4.09,3.61
424,3.85,0.26,4.37,3.33
425,4.12,0.38,4.86,3.39
426,4.07,0.30,4.66,3.48
427,4.11,0.39,4.88,3.35
428,4.52,0.36,5.22,3.82
429,4.82,0.23,5.28,4.37
430,4.68,0.38,5.43,3.93
431,5.08,0.16,5.39,4.76
432,4.97,0.32,5.59,4.34
433,5.09,0.19,5.46,4.72
434,5.09,0.15,5.38,4.81
435,5.03,0.21,5.44,4.62
436,5.02,0.17,5.35,4.69
437,4.67,0.47,5.59,3.76
438,4.92,0.27,5.44,4.40
439,4.98,0.15,5.27,4.69
440,4.67,0.44,5.53,3.81
441,4.90,0.11,5.11,4.70
442,4.89,0.24,5.36,4.42
443,4.89,0.13,5.14,4.64
444,4.75,0.25,5.24,4.25
445,4.83,0.24,5.31,4.35
446,4.81,0.14,5.09,4.53
447,4.59,0.48,5.52,3.66
448,4.75,0.10,4.94,4.56
449,4.78,0.10,4.98,4.58
450,4.44,0.45,5.33,3.56
451,4.69,0.12,4.92,4.46
452,4.62,0.11,4.84,4.40
453,4.54,0.23,5.00,4.08
454,4.59,0.12,4.83,4.36
455,4.37,0.33,5.01,3.73
456,4.58,0.14,4.86,4.29
457,4.56,0.11,4.77,4.35
458,4.35,0.36,5.06,3.64
459,4.53,0.14,4.81,4.26
460,4.44,0.28,4.99,3.89
461,4.51,0.14,4.78,4.23
462,4.48,0.19,4.84,4.11
463,4.52,0.11,4.74,4.30
464,4.43,0.22,4.87,3.99
465,4.47,0.10,4.67,4.27
466,4.35,0.28,4.90,3.81
467,4.37,0.20,4.76,3.97
468,4.34,0.18,4.69,3.99
469,4.27,0.21,4.68,3.86
470,4.26,0.19,4.62,3.89
471,4.24,0.25,4.72,3.75
472,4.16,0.27,4.69,3.63
473,4.30,0.17,4.64,3.96
474,4.34,0.07,4.48,4.20
475,4.28,0.11,4.50,4.06
476,4.08,0.30,4.67,3.49
477,4.11,0.23,4.56,3.66
478,4.08,0.19,4.45,3.70
479,3.98,0.15,4.27,3.69
480,3.99,0.10,4.18,3.79
481,3.99,0.11,4.21,3.78
482,3.87,0.11,4.08,3.65
483,3.84,0.11,4.05,3.63
484,3.84,0.12,4.07,3.60
485,3.78,0.18,4.12,3.43
486,3.71,0.12,3.95,3.48
487,3.74,0.17,4.07,3.42
488,3.71,0.09,3.89,3.52
489,3.65,0.11,3.87,3.42
490,3.61,0.14,3.88,3.33
491,3.66,0.42,4.49,2.83
492,3.66,0.14,3.93,3.38
493,3.67,0.11,3.88,3.46
494,3.85,0.24,4.33,3.37
495,3.77,0.07,3.90,3.64
496,3.77,0.19,4.13,3.41
497,3.74,0.07,3.88,3.60
498,3.80,0.19,4.17,3.43
499,3.81,0.18,4.17,3.45
500,3.81,0.14,4.08,3.54
501,3.75,0.07,3.90,3.61
502,3.80,0.16,4.12,3.49
503,3.91,0.24,4.39,3.43
504,3.89,0.22,4.32,3.45
505,3.92,0.07,4.06,3.79
506,4.00,0.17,4.33,3.66
507,4.01,0.09,4.18,3.83
508,4.07,0.17,4.40,3.74
509,4.07,0.11,4.28,3.86
510,4.18,0.30,4.77,3.59
511,4.19,0.13,4.45,3.93
512,4.19,0.08,4.35,4.04
513,4.19,0.10,4.38,3.99
514,4.12,0.12,4.35,3.89
515,4.19,0.11,4.40,3.97
516,4.11,0.15,4.41,3.81
517,4.08,0.16,4.38,3.77
518,4.04,0.14,4.31,3.77
519,4.12,0.32,4.75,3.49
520,3.96,0.11,4.17,3.74
521,3.99,0.11,4.21,3.76
522,3.96,0.20,4.36,3.56
523,3.87,0.15,4.16,3.57
524,3.88,0.10,4.07,3.68
525,3.99,0.49,4.94,3.03
526,3.84,0.23,4.29,3.40
527,3.95,0.13,4.20,3.69
528,3.87,0.21,4.28,3.46
529,3.97,0.13,4.22,3.72
530,4.03,0.14,4.30,3.77
531,4.09,0.27,4.62,3.57
532,4.03,0.07,4.17,3.88
533,4.11,0.12,4.35,3.88
534,4.04,0.34,4.71,3.38
535,4.13,0.12,4.37,3.89
536,4.32,0.22,4.76,3.88
537,4.44,0.21,4.85,4.03
538,4.41,0.29,4.99,3.83
539,4.48,0.23,4.93,4.03
540,4.56,0.28,5.11,4.01
541,4.68,0.15,4.98,4.38
542,4.49,0.25,4.99,4.00
543,4.46,0.32,5.09,3.83
544,4.55,0.22,4.98,4.11
545,4.54,0.19,4.91,4.16
546,4.62,0.15,4.91,4.34
547,4.61,0.17,4.94,4.27
548,4.63,0.21,5.05,4.21
549,4.56,0.19,4.94,4.19
550,4.57,0.23,5.02,4.13
551,4.49,0.16,4.81,4.17
552,4.52,0.12,4.76,4.28
553,4.43,0.18,4.78,4.09
554,4.41,0.18,4.75,4.07
555,4.41,0.14,4.67,4.14
556,4.37,0.12,4.61,4.13
557,4.37,0.14,4.65,4.09
558,4.28,0.33,4.92,3.64
559,4.25,0.06,4.38,4.13
560,4.15,0.12,4.39,3.92
561,4.18,0.12,4.42,3.93
562,4.10,0.13,4.36,3.84
563,4.05,0.24,4.52,3.58
564,3.98,0.16,4.29,3.67
565,3.96,0.15,4.27,3.66
566,3.78,0.18,4.14,3.43
567,3.87,0.25,4.37,3.37
568,3.97,0.10,4.16,3.77
569,4.04,0.18,4.40,3.68
570,3.92,0.15,4.21,3.62
571,3.80,0.17,4.14,3.46
572,3.68,0.15,3.97,3.39
573,3.64,0.19,4.01,3.27
574,3.67,0.39,4.44,2.90
575,3.44,0.08,3.59,3.29
576,3.47,0.12,3.71,3.22
577,3.39,0.12,3.62,3.16
578,3.43,0.15,3.71,3.14
579,3.58,0.26,4.08,3.07
580,3.49,0.17,3.82,3.16
581,3.73,0.29,4.30,3.16
582,4.12,0.22,4.55,3.69
583,4.35,0.20,4.75,3.95
584,4.18,0.28,4.73,3.63
585,4.30,0.16,4.61,3.99
586,4.16,0.21,4.57,3.74
587,4.23,0.13,4.48,3.99
588,4.14,0.17,4.46,3.81
589,4.13,0.07,4.27,4.00
590,4.15,0.12,4.38,3.91
591,3.96,0.20,4.36,3.57
592,4.06,0.11,4.29,3.84
593,4.16,0.16,4.47,3.86
594,4.04,0.11,4.25,3.83
595,3.99,0.21,4.39,3.58
596,3.92,0.12,4.16,3.68
597,3.88,0.15,4.18,3.58
598,3.93,0.21,4.34,3.51
599,4.08,0.16,4.39,3.77
600,3.71,0.47,4.64,2.79
602,4.26,0.39,5.02,3.51
604,3.97,0.14,4.24,3.69
606,3.82,0.15,4.11,3.53
608,3.78,0.14,4.05,3.51
610,3.64,0.16,3.94,3.33
612,3.46,0.09,3.63,3.28
614,3.55,0.08,3.71,3.39
616,3.64,0.16,3.95,3.33
618,3.62,0.41,4.43,2.80
620,3.85,0.22,4.27,3.43
622,4.32,0.15,4.61,4.03
624,4.85,0.27,5.38,4.33
626,4.86,0.29,5.43,4.28
628,5.11,0.26,5.62,4.59
630,5.14,0.15,5.44,4.84
632,4.98,0.18,5.34,4.62
634,4.84,0.23,5.29,4.39
636,4.95,0.10,5.15,4.76
638,4.80,0.30,5.39,4.21
640,4.92,0.14,5.19,4.65
642,4.77,0.21,5.18,4.36
644,4.76,0.11,4.97,4.55
646,4.68,0.14,4.95,4.41
648,4.70,0.23,5.15,4.25
650,4.68,0.25,5.17,4.19
652,4.62,0.24,5.09,4.15
654,4.65,0.09,4.82,4.49
656,4.37,0.42,5.20,3.54
658,4.61,0.10,4.81,4.41
660,4.60,0.11,4.82,4.39
662,4.55,0.20,4.95,4.15
664,4.53,0.33,5.18,3.88
666,4.52,0.13,4.78,4.26
668,4.49,0.20,4.89,4.10
670,4.46,0.16,4.78,4.15
672,4.45,0.16,4.76,4.14
674,4.38,0.15,4.68,4.08
676,4.38,0.13,4.62,4.13
678,4.16,0.19,4.53,3.80
680,4.03,0.31,4.64,3.43
682,4.23,0.14,4.50,3.97
684,4.07,0.19,4.44,3.69
686,4.11,0.22,4.54,3.68
688,3.90,0.17,4.24,3.56
690,3.77,0.32,4.40,3.15
692,3.67,0.13,3.93,3.41
694,3.72,0.20,4.10,3.34
696,3.63,0.13,3.88,3.37
698,3.61,0.18,3.96,3.25
700,3.82,0.36,4.52,3.12
702,3.80,0.18,4.16,3.45
704,3.87,0.14,4.15,3.59
706,3.84,0.15,4.13,3.54
708,3.98,0.08,4.14,3.83
710,3.99,0.48,4.92,3.05
712,4.06,0.15,4.35,3.76
714,4.17,0.24,4.64,3.70
716,4.35,0.19,4.72,3.99
718,4.61,0.25,5.10,4.12
720,4.64,0.22,5.08,4.21
722,4.63,0.18,4.99,4.27
724,4.46,0.09,4.65,4.28
726,4.35,0.08,4.52,4.18
728,4.19,0.12,4.43,3.95
730,4.10,0.18,4.46,3.74
732,4.00,0.30,4.59,3.41
734,4.08,0.12,4.31,3.86
736,4.16,0.17,4.49,3.84
738,4.23,0.14,4.51,3.96
740,4.18,0.29,4.75,3.60
742,4.22,0.10,4.41,4.02
744,4.36,0.42,5.19,3.53
746,4.60,0.22,5.03,4.16
748,4.58,0.17,4.93,4.24
750,4.51,0.17,4.84,4.18
752,4.38,0.26,4.89,3.87
754,4.47,0.09,4.65,4.29
756,4.30,0.10,4.50,4.10
758,4.22,0.27,4.75,3.69
760,4.23,0.12,4.47,3.99
762,4.11,0.16,4.42,3.81
764,3.96,0.13,4.21,3.71
766,4.05,0.27,4.58,3.53
768,3.96,0.20,4.36,3.57
770,3.89,0.14,4.17,3.62
772,3.71,0.11,3.93,3.48
774,3.70,0.17,4.03,3.37
776,3.64,0.13,3.90,3.38
778,3.76,0.34,4.44,3.09
780,3.55,0.08,3.71,3.39
782,3.58,0.14,3.85,3.32
784,3.44,0.16,3.76,3.12
786,3.63,0.26,4.14,3.11
788,3.61,0.15,3.91,3.31
790,3.95,0.30,4.54,3.36
792,4.14,0.17,4.47,3.81
794,4.42,0.34,5.10,3.75
796,4.48,0.38,5.23,3.73
798,4.72,0.15,5.00,4.43
800,4.68,0.12,4.91,4.44
802,4.58,0.09,4.76,4.39
804,4.55,0.11,4.77,4.33
806,4.45,0.12,4.69,4.21
808,4.40,0.08,4.56,4.23
810,4.29,0.15,4.58,4.00
812,4.20,0.19,4.56,3.84
814,3.93,0.37,4.65,3.20
816,4.06,0.12,4.29,3.82
818,3.85,0.13,4.12,3.59
820,3.84,0.15,4.13,3.54
822,3.73,0.14,4.01,3.45
824,3.75,0.23,4.21,3.29
826,4.07,0.28,4.62,3.53
828,3.95,0.17,4.29,3.62
830,3.94,0.12,4.18,3.71
832,4.00,0.16,4.32,3.68
834,3.82,0.10,4.02,3.61
836,3.74,0.18,4.09,3.39
838,3.95,0.18,4.31,3.59
840,3.79,0.09,3.96,3.62
842,3.81,0.22,4.24,3.37
844,3.72,0.11,3.92,3.51
846,3.64,0.05,3.74,3.54
848,3.51,0.11,3.73,3.29
850,3.44,0.12,3.68,3.21
852,3.76,0.17,4.10,3.43
854,3.78,0.27,4.30,3.25
856,3.59,0.10,3.79,3.39
858,3.50,0.10,3.70,3.30
860,3.40,0.11,3.61,3.19
862,3.57,0.29,4.14,3.00
864,3.48,0.27,4.02,2.95
866,3.73,0.39,4.49,2.98
868,4.19,0.26,4.69,3.68
870,4.54,0.16,4.86,4.21
872,4.72,0.14,5.00,4.45
874,4.65,0.30,5.24,4.07
876,4.70,0.17,5.03,4.38
878,4.64,0.13,4.90,4.38
880,4.54,0.12,4.77,4.31
882,4.32,0.42,5.15,3.49
884,4.52,0.20,4.92,4.12
886,4.46,0.10,4.65,4.27
888,4.43,0.19,4.81,4.05
890,4.45,0.12,4.70,4.21
892,4.33,0.26,4.84,3.83
894,4.39,0.10,4.58,4.20
896,4.30,0.13,4.56,4.03
898,4.15,0.18,4.50,3.79
900,4.10,0.27,4.63,3.58
902,4.11,0.13,4.36,3.86
904,4.08,0.11,4.29,3.87
906,4.05,0.10,4.26,3.85
908,3.99,0.22,4.42,3.56
910,4.05,0.10,4.25,3.85
912,4.08,0.14,4.36,3.80
914,4.08,0.17,4.42,3.74
916,4.04,0.36,4.74,3.34
918,4.45,0.16,4.77,4.13
920,4.58,0.22,5.02,4.14
922,4.47,0.14,4.74,4.20
924,4.33,0.11,4.55,4.11
926,4.21,0.15,4.51,3.91
928,4.09,0.25,4.57,3.61
930,4.01,0.27,4.53,3.49
932,3.98,0.11,4.19,3.77
934,3.90,0.20,4.29,3.50
936,3.84,0.14,4.13,3.56
938,3.70,0.17,4.03,3.36
940,3.69,0.13,3.93,3.44
942,3.58,0.12,3.82,3.34
944,3.45,0.10,3.65,3.24
946,3.51,0.23,3.97,3.05
948,3.38,0.11,3.60,3.16
950,3.35,0.08,3.50,3.20
952,3.28,0.13,3.54,3.03
954,3.36,0.15,3.65,3.06
956,3.29,0.15,3.57,3.00
958,3.44,0.33,4.08,2.80
960,4.04,0.36,4.74,3.34
962,4.27,0.38,5.02,3.53
964,4.51,0.20,4.90,4.12
966,4.32,0.26,4.82,3.82
968,4.23,0.21,4.64,3.83
970,4.14,0.12,4.38,3.90
972,3.88,0.12,4.12,3.64
974,3.91,0.18,4.27,3.55
976,3.80,0.09,3.98,3.63
978,3.67,0.14,3.95,3.40
980,3.77,0.20,4.16,3.38
982,3.99,0.31,4.60,3.38
984,4.10,0.17,4.43,3.77
986,4.22,0.17,4.57,3.88
988,4.09,0.09,4.26,3.91
990,3.99,0.12,4.23,3.76
992,3.92,0.09,4.09,3.74
994,3.80,0.21,4.21,3.39
996,3.80,0.07,3.94,3.65
998,3.78,0.19,4.15,3.41
1000,3.86,0.11,4.08,3.64
1002,4.13,0.16,4.44,3.82
1004,4.35,0.14,4.63,4.07
1006,4.25,0.13,4.51,4.00
1008,4.16,0.14,4.44,3.88
1010,4.08,0.19,4.45,3.72
1012,4.04,0.14,4.32,3.77
1014,3.89,0.13,4.15,3.63
1016,3.74,0.31,4.35,3.13
1018,3.87,0.17,4.20,3.54
1020,3.73,0.11,3.94,3.51
1022,3.64,0.24,4.12,3.17
1024,3.67,0.22,4.10,3.25
1026,3.80,0.40,4.58,3.02
1028,3.71,0.11,3.93,3.50
1030,3.79,0.13,4.04,3.55
1032,4.01,0.16,4.32,3.70
1034,4.26,0.11,4.48,4.04
1036,4.33,0.14,4.60,4.07
1038,4.43,0.17,4.76,4.09
1040,4.30,0.25,4.79,3.80
1042,4.31,0.33,4.96,3.66
1044,4.41,0.15,4.71,4.10
1046,4.34,0.17,4.68,4.01
1048,4.29,0.19,4.67,3.92
1050,4.27,0.15,4.56,3.99
1052,4.19,0.15,4.49,3.90
1054,4.19,0.11,4.40,3.97
1056,4.07,0.31,4.68,3.47
1058,4.11,0.12,4.35,3.87
1060,3.87,0.20,4.26,3.49
1062,3.74,0.28,4.29,3.19
1064,3.46,0.20,3.86,3.06
1066,3.33,0.31,3.93,2.73
1068,3.26,0.16,3.56,2.95
1070,3.30,0.11,3.51,3.10
1072,3.29,0.30,3.87,2.70
1074,3.32,0.08,3.48,3.16
1076,3.56,0.33,4.21,2.91
1078,3.52,0.11,3.73,3.30
1080,3.57,0.24,4.04,3.09
1082,3.65,0.19,4.03,3.28
1084,3.68,0.10,3.88,3.49
1086,3.74,0.10,3.94,3.53
1088,3.82,0.22,4.24,3.39
1090,3.84,0.16,4.15,3.52
1092,3.90,0.12,4.13,3.67
1094,3.95,0.15,4.24,3.67
1096,4.03,0.15,4.33,3.73
1098,4.12,0.09,4.30,3.94
1100,4.30,0.15,4.58,4.01
1102,4.14,0.13,4.39,3.89
1104,4.05,0.11,4.28,3.83
1106,3.81,0.17,4.14,3.48
1108,3.66,0.26,4.16,3.15
1110,3.65,0.21,4.06,3.24
1112,3.71,0.11,3.93,3.49
1114,3.89,0.08,4.05,3.73
1116,4.06,0.16,4.37,3.75
1118,4.13,0.07,4.26,4.00
1120,4.20,0.21,4.62,3.78
1122,4.47,0.20,4.86,4.09
1124,4.38,0.21,4.79,3.97
1126,4.48,0.13,4.73,4.22
1128,4.42,0.10,4.62,4.22
1130,4.27,0.10,4.47,4.07
1132,4.08,0.17,4.42,3.74
1134,3.95,0.27,4.47,3.42
1136,4.17,0.09,4.34,4.00
1138,3.93,0.17,4.25,3.61
1140,3.93,0.23,4.39,3.47
1142,3.85,0.11,4.07,3.63
1144,3.91,0.12,4.15,3.67
1146,3.78,0.13,4.03,3.53
1148,3.87,0.30,4.45,3.29
1150,3.70,0.11,3.92,3.47
1152,3.65,0.11,3.87,3.43
1154,3.60,0.20,3.98,3.21
1156,3.61,0.15,3.91,3.32
1158,3.55,0.12,3.80,3.31
1160,3.60,0.17,3.93,3.26
1162,3.48,0.12,3.71,3.25
1164,3.54,0.11,3.75,3.32
1166,3.49,0.07,3.64,3.35
1168,3.47,0.18,3.81,3.12
1170,3.58,0.12,3.82,3.33
1172,3.66,0.11,3.87,3.44
1174,3.70,0.12,3.94,3.45
1176,3.67,0.28,4.21,3.12
1178,3.61,0.12,3.85,3.36
1180,3.63,0.30,4.22,3.05
1182,3.63,0.10,3.84,3.43
1184,3.70,0.10,3.89,3.51
1186,3.76,0.22,4.20,3.32
1188,3.64,0.09,3.82,3.47
1190,3.78,0.20,4.18,3.38
1192,4.09,0.16,4.40,3.78
1194,4.24,0.10,4.43,4.05
1196,4.40,0.08,4.56,4.24
1198,4.42,0.21,4.82,4.02
1200,4.58,0.13,4.83,4.33
1202,4.34,0.28,4.88,3.79
1204,4.46,0.10,4.66,4.26
1206,4.23,0.35,4.91,3.55
1208,4.44,0.09,4.62,4.25
1210,4.31,0.10,4.51,4.11
1212,3.99,0.22,4.42,3.57
1214,4.17,0.07,4.31,4.03
1216,4.04,0.18,4.40,3.68
1218,3.78,0.41,4.58,2.98
1220,4.05,0.11,4.26,3.84
1222,3.80,0.19,4.18,3.42
1224,3.71,0.11,3.92,3.49
1226,3.50,0.14,3.77,3.23
1228,3.41,0.17,3.75,3.07
1230,3.31,0.09,3.49,3.12
1232,3.34,0.17,3.67,3.01
1234,3.32,0.11,3.54,3.10
1236,3.32,0.12,3.56,3.08
1238,3.29,0.17,3.63,2.96
1240,3.37,0.26,3.88,2.87
1242,3.55,0.37,4.27,2.82
1244,3.62,0.31,4.23,3.01
1246,4.18,0.09,4.37,3.99
1248,4.37,0.11,4.58,4.16
1250,4.37,0.16,4.69,4.06
1252,4.28,0.35,4.96,3.59
1254,4.40,0.09,4.57,4.22
1256,4.22,0.13,4.47,3.96
1258,4.15,0.09,4.33,3.96
1260,4.00,0.29,4.57,3.43
1262,4.07,0.08,4.23,3.92
1264,3.92,0.13,4.17,3.68
1266,3.90,0.08,4.06,3.75
1268,3.81,0.11,4.02,3.60
1270,3.74,0.15,4.03,3.45
1272,3.63,0.14,3.89,3.36
1274,3.66,0.06,3.77,3.54
1276,3.60,0.11,3.82,3.38
1278,3.69,0.17,4.03,3.35
1280,3.66,0.21,4.07,3.26
1282,3.65,0.33,4.31,3.00
1284,3.89,0.11,4.10,3.68
1286,4.04,0.22,4.46,3.62
1288,4.30,0.13,4.54,4.05
1290,4.31,0.13,4.57,4.05
1292,4.18,0.08,4.34,4.01
1294,3.89,0.20,4.29,3.50
1296,4.17,0.13,4.42,3.92
1298,4.03,0.12,4.26,3.80
1300,3.94,0.36,4.64,3.25
1302,3.94,0.14,4.22,3.66
1304,3.72,0.19,4.10,3.34
1306,3.80,0.15,4.09,3.50
1308,3.68,0.10,3.88,3.48
1310,3.59,0.11,3.81,3.37
1312,3.55,0.33,4.20,2.91
1314,3.51,0.16,3.82,3.21
1316,3.46,0.30,4.04,2.88
1318,3.67,0.30,4.25,3.09
1320,3.74,0.15,4.04,3.44
1322,3.79,0.12,4.02,3.56
1324,3.89,0.16,4.19,3.58
1326,3.92,0.20,4.31,3.53
1328,4.09,0.07,4.23,3.94
1330,4.09,0.07,4.23,3.95
1332,4.10,0.23,4.54,3.66
1334,4.11,0.12,4.35,3.88
1336,4.20,0.08,4.35,4.05
1338,4.19,0.12,4.42,3.95
1340,4.08,0.24,4.56,3.61
1342,3.98,0.13,4.24,3.73
1344,3.72,0.21,4.13,3.31
1346,3.63,0.33,4.27,2.99
1348,3.48,0.23,3.92,3.04
1350,3.38,0.16,3.70,3.06
1352,3.29,0.20,3.68,2.91
1354,3.33,0.12,3.57,3.08
1356,3.30,0.10,3.49,3.11
1358,3.41,0.23,3.87,2.95
1360,3.57,0.08,3.74,3.40
1362,3.70,0.21,4.12,3.29
1364,3.84,0.08,3.99,3.69
1366,3.92,0.13,4.18,3.67
1368,4.04,0.11,4.25,3.83
1370,4.13,0.10,4.32,3.94
1372,4.15,0.04,4.24,4.07
1374,4.09,0.19,4.46,3.72
1376,4.08,0.33,4.71,3.44
1378,4.28,0.08,4.43,4.12
1380,4.02,0.10,4.22,3.83
1382,3.94,0.17,4.26,3.61
1384,3.88,0.08,4.03,3.72
1386,3.71,0.07,3.85,3.56
1388,3.56,0.18,3.91,3.20
1390,3.62,0.16,3.94,3.30
1392,3.49,0.12,3.72,3.26
1394,3.73,0.39,4.50,2.96
1396,3.49,0.16,3.79,3.18
1398,3.53,0.06,3.64,3.42
1400,3.57,0.23,4.02,3.11
1402,3.69,0.12,3.93,3.45
1404,3.80,0.19,4.17,3.43
1406,4.01,0.18,4.36,3.66
1408,4.06,0.10,4.26,3.86
1410,4.19,0.09,4.36,4.01
1412,4.21,0.08,4.37,4.05
1414,4.26,0.14,4.54,3.98
1416,4.07,0.32,4.69,3.45
1418,3.86,0.49,4.81,2.91
1420,4.02,0.06,4.14,3.89
1422,4.01,0.20,4.41,3.61
1424,3.85,0.07,3.98,3.72
1426,3.76,0.10,3.96,3.56
1428,3.61,0.12,3.84,3.38
1430,3.47,0.08,3.63,3.31
1432,3.37,0.11,3.58,3.16
1434,3.31,0.13,3.57,3.05
1436,3.28,0.21,3.69,2.86
1438,3.25,0.10,3.45,3.06
1440,3.30,0.07,3.43,3.17
1442,3.27,0.29,3.83,2.70
1444,3.31,0.09,3.49,3.13
1446,3.25,0.25,3.75,2.76
1448,3.29,0.28,3.84,2.74
1450,3.25,0.16,3.57,2.92
1452,3.44,0.39,4.20,2.67
1454,4.22,0.37,4.94,3.50
1456,4.32,0.25,4.81,3.83
1458,4.21,0.26,4.71,3.71
1460,4.35,0.08,4.51,4.19
1462,4.12,0.14,4.40,3.85
1464,4.04,0.09,4.20,3.87
1466,3.82,0.14,4.10,3.54
1468,3.79,0.15,4.09,3.49
1470,3.67,0.42,4.50,2.85
1472,3.47,0.08,3.62,3.33
1474,3.42,0.11,3.63,3.21
1476,3.42,0.17,3.75,3.09
1478,3.43,0.22,3.85,3.01
1480,3.39,0.08,3.56,3.22
1482,3.37,0.03,3.42,3.32
1484,3.47,0.41,4.27,2.67
1486,3.48,0.20,3.87,3.09
1488,3.30,0.09,3.47,3.13
1490,3.30,0.18,3.65,2.96
1492,3.46,0.37,4.18,2.74
1494,4.08,0.16,4.40,3.77
1496,4.39,0.15,4.69,4.09
1498,4.39,0.13,4.65,4.13
1500,4.25,0.23,4.70,3.79
1503,4.25,0.20,4.64,3.86
1505,4.29,0.16,4.60,3.97
1508,4.16,0.09,4.34,3.98
1510,4.01,0.07,4.14,3.87
1513,3.72,0.24,4.20,3.24
1515,3.78,0.15,4.07,3.49
1518,3.70,0.10,3.89,3.51
1520,3.61,0.12,3.85,3.37
1523,3.68,0.17,4.02,3.35
1525,3.95,0.14,4.22,3.67
1528,4.00,0.15,4.29,3.70
1530,4.10,0.31,4.70,3.49
1533,4.34,0.12,4.58,4.11
1535,4.41,0.25,4.89,3.93
1538,4.31,0.26,4.83,3.80
1540,4.38,0.16,4.70,4.06
1543,4.22,0.07,4.37,4.08
1545,4.02,0.16,4.33,3.70
1548,3.92,0.14,4.18,3.65
1550,3.71,0.31,4.32,3.10
1553,3.80,0.23,4.24,3.35
1555,3.83,0.26,4.34,3.33
1558,3.81,0.24,4.29,3.33
1560,3.77,0.22,4.20,3.34
1563,3.61,0.21,4.01,3.20
1565,3.59,0.22,4.02,3.16
1568,3.65,0.12,3.88,3.42
1570,3.84,0.13,4.09,3.59
1573,4.13,0.17,4.47,3.80
1575,4.22,0.14,4.50,3.95
1578,4.24,0.10,4.45,4.04
1580,4.12,0.10,4.32,3.91
1583,4.03,0.25,4.52,3.54
1585,3.91,0.12,4.14,3.67
1588,3.82,0.12,4.05,3.59
1590,3.75,0.19,4.12,3.38
1593,3.97,0.34,4.64,3.29
1595,3.78,0.15,4.07,3.50
1598,3.65,0.06,3.76,3.53
1600,3.56,0.11,3.77,3.34
1603,3.49,0.24,3.96,3.01
1605,3.49,0.18,3.83,3.14
1608,3.71,0.15,4.00,3.41
1610,3.71,0.28,4.27,3.15
1613,3.91,0.06,4.03,3.79
1615,3.84,0.13,4.10,3.58
1618,3.78,0.20,4.17,3.40
1620,3.67,0.09,3.84,3.50
1623,3.63,0.11,3.84,3.42
1625,3.75,0.12,3.99,3.51
1628,3.86,0.34,4.52,3.20
1630,3.60,0.23,4.05,3.14
1633,3.56,0.19,3.92,3.19
1635,3.61,0.31,4.21,3.01
1638,3.54,0.13,3.80,3.28
1640,3.85,0.32,4.47,3.22
1643,3.78,0.35,4.47,3.09
1645,3.91,0.30,4.50,3.32
1648,4.11,0.17,4.45,3.78
1650,4.26,0.17,4.59,3.94
1653,4.22,0.15,4.52,3.93
1655,4.29,0.09,4.46,4.11
1658,4.13,0.15,4.43,3.84
1660,4.16,0.16,4.47,3.84
1663,4.12,0.16,4.42,3.81
1665,4.14,0.11,4.36,3.93
1668,3.94,0.22,4.37,3.50
1670,3.93,0.11,4.14,3.73
1673,3.76,0.07,3.90,3.62
1675,3.64,0.12,3.87,3.41
1678,3.69,0.16,4.01,3.38
1680,3.63,0.17,3.96,3.31
1683,3.63,0.09,3.82,3.45
1685,3.62,0.09,3.80,3.45
1688,3.66,0.24,4.13,3.18
1690,3.76,0.18,4.11,3.41
1693,3.82,0.19,4.20,3.45
1695,3.89,0.12,4.14,3.65
1698,3.82,0.09,4.00,3.63
1700,3.99,0.34,4.66,3.33
1703,4.24,0.14,4.51,3.96
1705,4.14,0.16,4.45,3.83
1708,4.06,0.10,4.27,3.86
1710,3.87,0.17,4.20,3.54
1713,3.75,0.19,4.12,3.37
1715,3.60,0.19,3.98,3.23
1718,3.58,0.32,4.21,2.94
1720,3.63,0.26,4.14,3.12
1723,3.76,0.20,4.14,3.37
1725,3.84,0.17,4.17,3.50
1728,3.76,0.20,4.15,3.37
1730,3.75,0.11,3.97,3.53
1733,3.87,0.31,4.48,3.25
1735,3.64,0.09,3.81,3.47
1738,3.61,0.41,4.40,2.81
1740,3.78,0.30,4.37,3.20
1743,3.90,0.31,4.50,3.30
1745,4.00,0.28,4.54,3.45
1748,4.03,0.23,4.49,3.57
1750,3.90,0.21,4.31,3.49
1753,3.77,0.12,4.00,3.53
1755,3.64,0.20,4.03,3.26
1758,3.81,0.23,4.26,3.36
1760,3.62,0.10,3.81,3.43
1763,3.41,0.27,3.95,2.88
1765,3.39,0.27,3.92,2.87
1768,3.44,0.23,3.90,2.99
1770,3.46,0.10,3.66,3.26
1773,3.51,0.15,3.80,3.22
1775,3.60,0.16,3.92,3.29
1778,3.67,0.20,4.06,3.28
1780,3.62,0.22,4.05,3.18
1783,3.76,0.35,4.45,3.07
1785,3.81,0.16,4.12,3.50
1788,3.80,0.18,4.16,3.44
1790,3.99,0.13,4.24,3.73
1793,4.17,0.15,4.46,3.89
1795,4.10,0.15,4.39,3.81
1798,4.00,0.17,4.33,3.68
1800,3.97,0.15,4.28,3.67
1803,3.84,0.08,4.01,3.68
1805,3.68,0.15,3.97,3.39
1808,3.67,0.16,3.98,3.36
1810,3.47,0.11,3.69,3.25
1813,3.60,0.16,3.91,3.29
1815,3.75,0.30,4.34,3.17
1818,3.74,0.31,4.33,3.14
1820,3.66,0.24,4.12,3.19
1823,3.53,0.15,3.83,3.23
1825,3.52,0.18,3.86,3.17
1828,3.54,0.15,3.83,3.25
1830,3.46,0.41,4.26,2.66
1833,3.75,0.30,4.34,3.16
1835,3.75,0.32,4.38,3.12
1838,3.79,0.32,4.42,3.16
1840,3.75,0.33,4.41,3.10
1843,3.78,0.31,4.39,3.18
1845,3.70,0.23,4.15,3.26
1848,3.65,0.20,4.05,3.25
1850,3.60,0.18,3.96,3.24
1853,3.57,0.17,3.91,3.23
1855,3.60,0.18,3.95,3.25
1858,3.66,0.19,4.03,3.29
1860,3.70,0.15,3.99,3.41
1863,3.97,0.25,4.45,3.49
1865,3.86,0.20,4.25,3.48
1868,3.79,0.21,4.20,3.39
1870,3.87,0.26,4.39,3.35
1873,3.75,0.39,4.52,2.98
1875,3.81,0.30,4.40,3.22
1878,3.73,0.21,4.14,3.31
1880,3.75,0.18,4.11,3.39
1883,3.61,0.10,3.80,3.41
1885,3.51,0.07,3.64,3.38
1888,3.42,0.29,4.00,2.85
1890,3.50,0.17,3.84,3.16
1893,3.48,0.16,3.79,3.17
1895,3.69,0.13,3.93,3.44
1898,3.73,0.15,4.02,3.45
1900,4.07,0.08,4.23,3.91
1903,4.06,0.25,4.54,3.57
1905,4.07,0.21,4.49,3.65
1908,4.04,0.10,4.25,3.84
1910,3.88,0.22,4.31,3.44
1913,3.92,0.13,4.16,3.67
1915,3.82,0.12,4.06,3.57
1918,3.71,0.26,4.22,3.19
1920,3.72,0.07,3.85,3.59
1923,3.65,0.07,3.79,3.52
1925,3.67,0.09,3.84,3.50
1928,3.55,0.08,3.71,3.39
1930,3.47,0.19,3.83,3.10
1933,3.50,0.12,3.74,3.25
1935,3.36,0.16,3.67,3.04
1938,3.47,0.14,3.74,3.20
1940,3.54,0.19,3.93,3.16
1943,3.88,0.17,4.21,3.55
1945,4.00,0.23,4.46,3.55
1948,4.12,0.11,4.34,3.91
1950,4.00,0.23,4.45,3.55
1953,3.92,0.13,4.18,3.65
1955,3.84,0.16,4.15,3.52
1958,3.76,0.16,4.07,3.45
1960,3.76,0.17,4.10,3.42
1963,3.85,0.12,4.09,3.61
1965,3.76,0.13,4.02,3.50
1968,3.58,0.27,4.11,3.04
1970,3.60,0.27,4.12,3.08
1973,3.43,0.10,3.62,3.24
1975,3.47,0.16,3.79,3.15
1978,3.43,0.31,4.02,2.83
1980,3.28,0.19,3.65,2.92
1983,3.40,0.13,3.66,3.15
1985,3.45,0.09,3.63,3.26
1988,3.44,0.13,3.70,3.18
1990,3.37,0.25,3.86,2.89
1993,3.57,0.06,3.68,3.45
1995,3.64,0.15,3.94,3.34
1998,3.85,0.17,4.18,3.52
2000,3.98,0.11,4.21,3.76
2003,3.79,0.24,4.27,3.32
2005,3.90,0.19,4.26,3.53
2008,3.83,0.10,4.01,3.64
2010,3.74,0.14,4.01,3.47
2013,3.75,0.07,3.89,3.61
2015,3.74,0.28,4.28,3.19
2018,3.64,0.17,3.97,3.31
2020,3.56,0.17,3.90,3.23
2023,3.49,0.16,3.80,3.18
2025,3.32,0.34,3.99,2.66
2028,3.42,0.19,3.79,3.05
2030,3.42,0.11,3.64,3.20
2033,3.52,0.13,3.77,3.26
2035,3.62,0.16,3.93,3.31
2038,3.66,0.18,4.02,3.31
2040,3.62,0.24,4.10,3.14
2043,3.64,0.23,4.09,3.19
2045,3.82,0.08,3.97,3.66
2048,3.74,0.19,4.12,3.35
2050,3.66,0.29,4.22,3.09
2053,3.58,0.28,4.13,3.03
2055,3.78,0.24,4.24,3.31
2058,3.65,0.16,3.97,3.34
2060,3.73,0.18,4.09,3.37
2063,3.92,0.20,4.31,3.53
2065,4.09,0.17,4.43,3.75
2068,4.22,0.10,4.42,4.03
2070,4.27,0.07,4.41,4.12
2073,4.19,0.07,4.33,4.05
2075,4.05,0.26,4.56,3.53
2078,3.96,0.19,4.33,3.59
2080,3.96,0.18,4.32,3.60
2083,4.10,0.12,4.34,3.86
2085,4.00,0.15,4.30,3.70
2088,3.95,0.10,4.15,3.75
2090,3.82,0.07,3.96,3.67
2093,3.76,0.12,3.98,3.53
2095,3.61,0.15,3.91,3.31
2098,3.54,0.16,3.86,3.23
2100,3.56,0.22,3.99,3.13
2103,3.60,0.23,4.06,3.15
2105,3.67,0.15,3.97,3.37
2108,3.63,0.12,3.87,3.39
2110,3.56,0.16,3.88,3.24
2113,3.51,0.12,3.75,3.27
2115,3.47,0.22,3.91,3.03
2118,3.78,0.20,4.18,3.38
2120,3.63,0.24,4.10,3.16
2123,3.81,0.07,3.95,3.67
2125,3.62,0.21,4.03,3.21
2128,3.54,0.13,3.80,3.29
2130,3.32,0.19,3.69,2.95
2133,3.37,0.09,3.54,3.20
2135,3.25,0.27,3.77,2.73
2138,3.27,0.37,3.99,2.54
2140,3.36,0.13,3.61,3.11
2143,3.50,0.15,3.78,3.21
2145,3.68,0.29,4.26,3.11
2148,3.99,0.21,4.39,3.58
2150,4.20,0.16,4.52,3.87
2153,4.24,0.13,4.50,3.98
2155,4.23,0.21,4.64,3.82
2158,4.09,0.28,4.65,3.54
2160,4.14,0.08,4.29,3.99
2163,4.05,0.13,4.31,3.80
2165,3.88,0.30,4.47,3.29
2168,3.84,0.10,4.04,3.65
2170,3.78,0.07,3.92,3.64
2173,3.74,0.12,3.97,3.51
2175,3.59,0.12,3.81,3.36
2178,3.44,0.11,3.66,3.22
2180,3.43,0.12,3.66,3.21
2183,3.40,0.06,3.51,3.28
2185,3.51,0.15,3.80,3.22
2188,3.41,0.27,3.94,2.88
2190,3.61,0.12,3.86,3.37
2193,3.70,0.19,4.07,3.32
2195,3.66,0.14,3.94,3.38
2198,3.82,0.09,4.00,3.64
2200,3.86,0.14,4.15,3.58
2203,3.87,0.12,4.10,3.64
2205,3.78,0.13,4.03,3.52
2208,3.67,0.13,3.92,3.43
2210,3.61,0.09,3.79,3.43
2213,3.46,0.12,3.69,3.23
2215,3.59,0.16,3.91,3.27
2218,3.59,0.12,3.84,3.35
2220,3.48,0.18,3.83,3.13
2223,3.42,0.12,3.65,3.18
2225,3.34,0.21,3.75,2.93
2228,3.37,0.20,3.76,2.99
2230,3.44,0.11,3.65,3.23
2233,3.47,0.24,3.95,3.00
2235,3.61,0.26,4.11,3.11
2238,3.74,0.29,4.30,3.18
2240,3.97,0.18,4.33,3.62
2243,3.89,0.24,4.35,3.42
2245,3.84,0.20,4.24,3.45
2248,3.79,0.18,4.13,3.44
2250,3.73,0.13,3.97,3.48
2253,3.65,0.20,4.04,3.26
2255,3.36,0.19,3.73,2.99
2258,3.35,0.15,3.63,3.06
2260,3.14,0.17,3.47,2.82
2263,3.24,0.14,3.50,2.97
2265,3.31,0.13,3.56,3.06
2268,3.39,0.08,3.54,3.23
2270,3.60,0.10,3.78,3.41
2273,3.61,0.35,4.29,2.92
2275,3.98,0.15,4.27,3.69
2278,3.92,0.31,4.52,3.31
2280,3.94,0.12,4.17,3.70
2283,3.92,0.10,4.12,3.73
2285,3.85,0.08,4.01,3.70
2288,3.68,0.11,3.90,3.46
2290,3.55,0.17,3.88,3.22
2293,3.45,0.08,3.62,3.29
2295,3.36,0.12,3.60,3.11
2298,3.33,0.20,3.73,2.94
2300,3.30,0.25,3.80,2.81
2303,3.40,0.09,3.59,3.22
2305,3.55,0.13,3.80,3.29
2308,3.46,0.29,4.02,2.90
2310,3.68,0.17,4.01,3.35
2313,3.64,0.26,4.16,3.13
2315,3.75,0.09,3.92,3.57
2318,3.76,0.12,4.00,3.52
2320,3.81,0.26,4.31,3.30
2323,3.69,0.14,3.97,3.41
2325,3.48,0.12,3.71,3.25
2328,3.70,0.30,4.28,3.12
2330,3.63,0.20,4.01,3.24
2333,3.62,0.15,3.93,3.32
2335,3.53,0.13,3.79,3.27
2338,3.37,0.08,3.52,3.22
2340,3.24,0.19,3.61,2.87
2343,3.28,0.09,3.46,3.09
2345,3.22,0.12,3.45,2.99
2348,3.30,0.18,3.65,2.94
2350,3.52,0.22,3.94,3.09
2353,3.69,0.24,4.16,3.23
2355,3.89,0.16,4.21,3.57
2358,3.93,0.14,4.20,3.67
2360,3.81,0.29,4.38,3.24
2363,3.81,0.17,4.15,3.47
2365,3.70,0.16,4.02,3.38
2368,3.79,0.16,4.10,3.49
2370,3.76,0.25,4.24,3.28
2373,3.59,0.12,3.82,3.35
2375,3.43,0.20,3.83,3.04
2378,3.37,0.16,3.68,3.07
2380,3.31,0.17,3.63,2.99
2383,3.20,0.46,4.11,2.30
2385,3.30,0.21,3.70,2.90
2388,3.32,0.21,3.72,2.91
2390,3.57,0.20,3.97,3.17
2393,3.39,0.37,4.12,2.67
2395,3.48,0.26,3.99,2.97
2398,3.61,0.17,3.94,3.27
2400,3.56,0.23,4.00,3.11
2403,3.68,0.19,4.05,3.30
2405,3.59,0.18,3.95,3.23
2408,3.49,0.16,3.80,3.18
2410,3.30,0.21,3.70,2.89
2413,3.34,0.12,3.57,3.11
2415,3.39,0.09,3.56,3.21
2418,3.27,0.33,3.91,2.63
2420,3.44,0.10,3.64,3.24
2423,3.54,0.15,3.84,3.24
2425,3.69,0.27,4.22,3.16
2428,3.82,0.30,4.41,3.22
2430,4.08,0.16,4.39,3.78
2433,4.28,0.10,4.48,4.08
2435,3.99,0.25,4.48,3.50
2438,4.13,0.10,4.33,3.92
2440,3.80,0.44,4.67,2.94
2443,4.04,0.12,4.27,3.81
2445,4.03,0.19,4.39,3.66
2448,3.88,0.24,4.34,3.42
2450,3.81,0.18,4.16,3.45
2453,3.73,0.13,3.98,3.48
2455,3.56,0.15,3.86,3.25
2458,3.47,0.16,3.79,3.15
2460,3.36,0.18,3.72,3.00
2463,3.37,0.11,3.58,3.15
2465,3.32,0.24,3.79,2.85
2468,3.33,0.09,3.51,3.16
2470,3.29,0.76,4.78,1.81
2473,3.55,0.36,4.25,2.85
2475,3.49,0.14,3.76,3.21
2478,3.67,0.18,4.02,3.33
2480,3.89,0.13,4.15,3.63
2483,4.04,0.23,4.49,3.60
2485,4.01,0.35,4.70,3.33
2488,4.16,0.18,4.52,3.80
2490,3.95,0.17,4.28,3.62
2493,3.65,0.34,4.31,2.99
2495,3.67,0.13,3.93,3.41
2498,3.48,0.11,3.69,3.27
2500,3.34,0.28,3.88,2.79
2503,3.37,0.27,3.91,2.84
2505,3.45,0.10,3.65,3.25
2508,3.52,0.15,3.81,3.24
2510,3.72,0.10,3.92,3.52
2513,3.52,0.26,4.04,3.00
2515,3.94,0.24,4.42,3.46
2518,4.16,0.22,4.60,3.73
2520,4.26,0.14,4.54,3.98
2523,4.18,0.18,4.54,3.82
2525,4.19,0.08,4.35,4.03
2528,4.12,0.16,4.42,3.81
2530,3.98,0.19,4.35,3.60
2533,4.00,0.10,4.19,3.81
2535,3.84,0.25,4.34,3.35
2538,3.72,0.15,4.01,3.42
2540,3.59,0.26,4.10,3.07
2543,3.37,0.11,3.59,3.15
2545,3.31,0.18,3.67,2.95
2548,3.25,0.40,4.03,2.47
2550,3.19,0.07,3.33,3.05
2553,3.19,0.14,3.47,2.91
2555,3.33,0.16,3.65,3.01
2558,3.43,0.42,4.25,2.61
2560,3.56,0.19,3.94,3.18
2563,3.56,0.15,3.85,3.27
2565,3.60,0.07,3.75,3.46
2568,3.45,0.22,3.88,3.01
2570,3.51,0.07,3.66,3.37
2573,3.49,0.13,3.74,3.23
2575,3.39,0.21,3.80,2.98
2578,3.24,0.26,3.74,2.73
2580,3.36,0.29,3.93,2.79
2583,3.24,0.13,3.49,2.98
2585,3.31,0.11,3.51,3.10
2588,3.25,0.22,3.69,2.81
2590,3.28,0.21,3.69,2.87
2593,3.34,0.13,3.60,3.09
2595,3.52,0.21,3.92,3.12
2598,3.65,0.12,3.88,3.42
2600,3.79,0.19,4.16,3.42
2603,3.85,0.20,4.24,3.45
2605,3.79,0.22,4.22,3.36
2608,3.87,0.11,4.09,3.64
2610,3.78,0.10,3.98,3.58
2613,3.67,0.10,3.86,3.47
2615,3.43,0.18,3.79,3.07
2618,3.48,0.13,3.74,3.23
2620,3.40,0.10,3.59,3.20
2623,3.30,0.20,3.70,2.90
2625,3.31,0.08,3.46,3.15
2628,3.20,0.22,3.63,2.77
2630,3.37,0.14,3.65,3.10
2633,3.48,0.08,3.65,3.32
2635,3.51,0.08,3.67,3.35
2638,3.64,0.18,3.99,3.28
2640,3.65,0.19,4.02,3.28
2643,3.73,0.12,3.96,3.50
2645,3.78,0.17,4.11,3.45
2648,3.72,0.34,4.39,3.06
2650,3.49,0.15,3.78,3.20
2653,3.33,0.17,3.67,2.99
2655,3.26,0.11,3.47,3.04
2658,3.11,0.18,3.47,2.76
2660,3.28,0.14,3.55,3.01
2663,3.24,0.24,3.70,2.77
2665,3.25,0.14,3.54,2.97
2668,3.29,0.18,3.64,2.94
2670,3.29,0.19,3.66,2.92
2673,3.10,0.68,4.43,1.77
2675,3.33,0.20,3.72,2.95
2678,3.45,0.17,3.79,3.11
2680,3.44,0.23,3.89,3.00
2683,3.73,0.13,3.99,3.48
2685,3.83,0.10,4.02,3.64
2688,3.85,0.15,4.14,3.56
2690,3.81,0.28,4.36,3.27
2693,3.67,0.19,4.05,3.29
2695,3.65,0.13,3.90,3.40
2698,3.65,0.09,3.84,3.47
2700,3.65,0.13,3.92,3.39
2703,3.39,0.72,4.81,1.97
2705,3.72,0.15,4.02,3.42
2708,3.81,0.14,4.08,3.54
2710,3.81,0.19,4.18,3.45
2713,3.76,0.30,4.35,3.17
2715,3.85,0.21,4.27,3.43
2718,3.82,0.27,4.35,3.29
2720,3.80,0.18,4.15,3.45
2723,3.81,0.17,4.13,3.48
2725,3.73,0.11,3.95,3.51
2728,3.69,0.13,3.95,3.43
2730,3.57,0.18,3.92,3.21
2733,3.45,0.21,3.87,3.03
2735,3.38,0.17,3.72,3.05
2738,3.21,0.18,3.56,2.86
2740,3.19,0.13,3.46,2.93
2743,3.15,0.13,3.41,2.89
2745,3.15,0.11,3.37,2.92
2748,3.14,0.30,3.73,2.56
2750,3.14,0.12,3.38,2.90
2753,3.19,0.16,3.50,2.88
2755,3.22,0.14,3.49,2.95
2758,3.30,0.11,3.51,3.09
2760,3.39,0.16,3.71,3.07
2763,3.46,0.21,3.87,3.04
2765,3.36,0.29,3.93,2.79
2768,3.29,0.28,3.85,2.73
2770,3.32,0.22,3.75,2.89
2773,3.29,0.15,3.59,3.00
2775,3.27,0.15,3.57,2.96
2778,3.22,0.09,3.40,3.03
2780,3.21,0.10,3.41,3.02
2783,3.20,0.15,3.50,2.91
2785,3.19,0.17,3.53,2.86
2788,3.29,0.08,3.44,3.14
2790,3.05,0.77,4.55,1.55
2793,3.27,0.23,3.72,2.82
2795,3.39,0.08,3.55,3.23
2798,3.50,0.17,3.82,3.17
2800,3.62,0.16,3.94,3.30
2803,3.73,0.31,4.35,3.11
2805,3.71,0.28,4.25,3.16
2808,3.79,0.13,4.04,3.53
2810,3.68,0.24,4.14,3.22
2813,3.67,0.15,3.97,3.37
2815,3.58,0.11,3.80,3.36
2818,3.56,0.12,3.79,3.32
2820,3.53,0.24,3.99,3.07
2823,3.30,0.13,3.57,3.04
2825,3.26,0.04,3.33,3.18
2828,3.18,0.17,3.52,2.85
2830,3.22,0.13,3.47,2.97
2833,3.21,0.20,3.60,2.81
2835,3.22,0.24,3.69,2.74
2838,3.36,0.12,3.59,3.13
2840,3.49,0.09,3.67,3.31
2843,3.51,0.14,3.79,3.24
2845,3.48,0.10,3.67,3.28
2848,3.56,0.33,4.21,2.92
2850,3.55,0.14,3.83,3.27
2853,3.55,0.26,4.05,3.05
2855,3.40,0.10,3.59,3.21
2858,3.18,0.21,3.58,2.78
2860,3.30,0.08,3.46,3.13
2863,3.26,0.08,3.42,3.10
2865,3.33,0.18,3.70,2.97
2868,3.36,0.13,3.60,3.11
2870,3.32,0.10,3.53,3.12
2873,3.37,0.33,4.02,2.73
2875,3.35,0.29,3.93,2.77
2878,3.52,0.19,3.90,3.15
2880,3.56,0.20,3.95,3.17
2883,3.41,0.20,3.81,3.02
2885,3.53,0.17,3.86,3.19
2888,3.45,0.24,3.92,2.97
2890,3.47,0.13,3.73,3.21
2893,3.30,0.26,3.81,2.79
2895,3.29,0.23,3.73,2.84
2898,3.05,0.66,4.35,1.76
2900,3.19,0.28,3.75,2.64
2903,3.22,0.13,3.47,2.97
2905,3.27,0.13,3.53,3.02
2908,3.29,0.13,3.54,3.03
2910,3.36,0.11,3.56,3.15
2913,3.36,0.13,3.61,3.12
2915,3.43,0.28,3.98,2.88
2918,3.44,0.24,3.91,2.96
2920,3.50,0.15,3.79,3.22
2923,3.60,0.20,4.00,3.20
2925,3.56,0.21,3.98,3.14
2928,3.51,0.34,4.19,2.84
2930,3.63,0.09,3.80,3.46
2933,3.57,0.14,3.83,3.30
2935,3.41,0.11,3.63,3.19
2938,3.26,0.16,3.57,2.95
2940,3.16,0.16,3.48,2.84
2943,3.14,0.18,3.49,2.79
2945,3.11,0.17,3.45,2.78
2948,3.03,0.18,3.38,2.68
2950,3.01,0.19,3.37,2.64
2953,3.07,0.15,3.36,2.77
2955,3.15,0.21,3.56,2.75
2958,3.24,0.21,3.65,2.82
2960,3.12,0.20,3.52,2.72
2963,3.26,0.09,3.44,3.08
2965,3.24,0.19,3.61,2.87
2968,3.32,0.08,3.47,3.18
2970,3.39,0.10,3.59,3.20
2973,3.40,0.21,3.82,2.98
2975,3.53,0.11,3.75,3.31
2978,3.58,0.19,3.96,3.20
2980,3.56,0.25,4.04,3.07
2983,3.43,0.22,3.86,2.99
2985,3.26,0.31,3.87,2.66
2988,3.23,0.15,3.54,2.93
2990,3.27,0.22,3.70,2.85
2993,3.21,0.16,3.53,2.90
2995,3.22,0.18,3.57,2.87
2998,3.42,0.26,3.93,2.91
3000,3.48,0.24,3.95,3.00
3005,3.49,0.17,3.83,3.15
3010,3.51,0.18,3.87,3.16
3015,3.50,0.15,3.79,3.21
3020,3.41,0.13,3.67,3.15
3025,3.36,0.16,3.66,3.05
3030,3.19,0.33,3.84,2.54
3035,3.11,0.21,3.51,2.70
3040,3.21,0.08,3.36,3.06
3045,3.34,0.09,3.51,3.17
3050,3.39,0.12,3.62,3.15
3055,3.36,0.16,3.68,3.04
3060,3.26,0.22,3.69,2.83
3065,3.23,0.30,3.82,2.63
3070,3.23,0.24,3.70,2.76
3075,3.09,0.14,3.38,2.81
3080,3.03,0.25,3.51,2.55
3085,3.09,0.13,3.35,2.83
3090,3.09,0.15,3.39,2.79
3095,3.18,0.13,3.43,2.94
3100,3.20,0.14,3.48,2.92
3105,3.23,0.09,3.41,3.05
3110,3.14,0.22,3.57,2.71
3115,3.18,0.15,3.48,2.89
3120,3.24,0.15,3.54,2.94
3125,3.34,0.06,3.46,3.22
3130,3.38,0.11,3.59,3.16
3135,3.47,0.19,3.84,3.09
3140,3.51,0.21,3.92,3.11
3145,3.40,0.18,3.76,3.04
3150,3.18,0.16,3.49,2.87
3155,2.95,0.28,3.49,2.41
3160,3.00,0.19,3.38,2.63
3165,3.05,0.22,3.48,2.61
3170,3.18,0.16,3.49,2.87
3175,3.14,0.20,3.53,2.75
3180,3.13,0.21,3.53,2.72
3185,3.14,0.19,3.52,2.77
3190,3.10,0.57,4.21,1.99
3195,3.21,0.15,3.49,2.92
3200,3.07,0.19,3.43,2.71
3205,3.11,0.30,3.70,2.51
3210,3.07,0.13,3.34,2.81
3215,3.10,0.09,3.27,2.93
3220,3.12,0.12,3.35,2.88
3225,3.13,0.27,3.65,2.61
3230,3.09,0.14,3.36,2.82
3235,3.03,0.20,3.43,2.63
3240,3.06,0.24,3.54,2.59
3245,3.06,0.15,3.36,2.76
3250,3.10,0.09,3.28,2.92
3255,3.18,0.09,3.36,3.00
3260,3.23,0.10,3.41,3.04
3265,3.22,0.33,3.87,2.57
3270,3.21,0.29,3.77,2.64
3275,3.21,0.15,3.50,2.93
3280,3.28,0.11,3.48,3.07
3285,3.35,0.14,3.62,3.07
3290,3.53,0.29,4.10,2.95
3295,3.64,0.30,4.22,3.06
3300,3.65,0.17,3.98,3.32
3305,3.59,0.25,4.09,3.10
3310,3.44,0.19,3.82,3.07
3315,3.21,0.19,3.59,2.83
3320,3.01,0.73,4.44,1.59
3325,3.17,0.30,3.76,2.57
3330,3.13,0.22,3.56,2.71
3335,3.19,0.10,3.38,3.00
3340,3.22,0.13,3.48,2.95
3345,3.26,0.18,3.61,2.91
3350,3.26,0.19,3.63,2.89
3355,3.30,0.08,3.45,3.15
3360,3.20,0.09,3.37,3.03
3365,3.12,0.10,3.33,2.92
3370,3.04,0.17,3.38,2.70
3375,3.13,0.21,3.55,2.71
3380,3.29,0.23,3.74,2.85
3385,3.31,0.14,3.57,3.04
3390,3.23,0.14,3.50,2.95
3395,3.19,0.16,3.50,2.88
3400,3.21,0.16,3.51,2.90
3405,3.20,0.09,3.38,3.02
3410,3.14,0.13,3.39,2.90
3415,3.05,0.21,3.46,2.63
3420,3.06,0.10,3.25,2.87
3425,3.21,0.18,3.57,2.86
3430,3.10,0.09,3.27,2.93
3435,2.96,0.15,3.26,2.66
3440,2.93,0.07,3.07,2.79
3445,3.00,0.15,3.30,2.70
3450,3.09,0.08,3.24,2.93
3455,3.05,0.18,3.41,2.69
3460,3.09,0.16,3.41,2.77
3465,3.16,0.15,3.45,2.86
3470,3.07,0.11,3.28,2.87
3475,2.94,0.09,3.11,2.76
3480,2.87,0.21,3.28,2.45
3485,2.93,0.10,3.12,2.73
3490,2.95,0.20,3.34,2.56
3495,3.06,0.14,3.33,2.80
3500,3.09,0.08,3.25,2.93
3505,3.01,0.14,3.29,2.74
3510,2.98,0.12,3.22,2.75
3515,3.01,0.26,3.52,2.50
3520,2.98,0.10,3.18,2.77
3525,3.02,0.10,3.22,2.82
3530,3.02,0.11,3.23,2.81
3535,3.06,0.33,3.70,2.42
3540,3.05,0.24,3.52,2.58
3545,3.12,0.14,3.39,2.85
3550,3.06,0.23,3.50,2.61
3555,3.04,0.16,3.35,2.73
3560,3.04,0.09,3.21,2.86
3565,2.90,0.16,3.22,2.58
3570,2.82,0.38,3.57,2.07
3575,2.87,0.13,3.14,2.61
3580,3.11,0.13,3.37,2.85
3585,3.13,0.40,3.92,2.34
3590,3.13,0.12,3.36,2.89
3595,2.96,0.19,3.33,2.59
3600,2.91,0.15,3.20,2.62
3605,2.88,0.23,3.32,2.43
3610,2.84,0.36,3.54,2.13
3615,2.96,0.14,3.24,2.68
3620,3.13,0.26,3.64,2.62
3625,3.20,0.26,3.70,2.70
3630,3.35,0.24,3.82,2.87
3635,3.24,0.13,3.48,2.99
3640,3.07,0.18,3.42,2.72
3645,2.92,0.13,3.18,2.67
3650,3.00,0.09,3.18,2.82
3655,3.12,0.21,3.53,2.71
3660,3.21,0.22,3.64,2.78
3665,3.30,0.35,3.98,2.62
3670,3.30,0.39,4.05,2.54
3675,3.25,0.13,3.51,3.00
3680,3.04,0.17,3.38,2.70
3685,2.97,0.07,3.11,2.83
3690,2.90,0.10,3.10,2.71
3695,2.92,0.10,3.12,2.73
3700,2.98,0.12,3.21,2.75
3705,3.18,0.08,3.33,3.02
3710,3.20,0.13,3.45,2.94
3715,3.12,0.23,3.57,2.66
3720,2.88,0.12,3.12,2.65
3725,2.99,0.56,4.09,1.90
3730,2.95,0.10,3.15,2.75
3735,2.98,0.13,3.23,2.73
3740,3.07,0.13,3.32,2.81
3745,3.17,0.16,3.48,2.85
3750,3.11,0.20,3.50,2.72
3755,2.99,0.12,3.23,2.75
3760,2.90,0.06,3.02,2.79
3765,2.83,0.58,3.97,1.69
3770,2.92,0.09,3.09,2.76
3775,2.98,0.15,3.27,2.68
3780,2.88,0.14,3.15,2.61
3785,2.97,0.16,3.28,2.66
3790,3.06,0.13,3.32,2.80
3795,3.15,0.25,3.64,2.66
3800,2.98,0.09,3.15,2.81
3805,3.07,0.11,3.28,2.86
3810,2.99,0.09,3.17,2.81
3815,2.97,0.10,3.16,2.77
3820,3.03,0.25,3.51,2.54
3825,3.06,0.20,3.45,2.68
3830,3.13,0.23,3.59,2.67
3835,2.99,0.15,3.28,2.71
3840,2.83,0.12,3.07,2.60
3845,2.93,0.21,3.34,2.53
3850,2.95,0.17,3.28,2.63
3855,2.92,0.15,3.21,2.63
3860,2.88,0.19,3.25,2.51
3865,3.06,0.11,3.28,2.84
3870,3.21,0.19,3.58,2.85
3875,3.25,0.14,3.52,2.97
3880,3.02,0.11,3.23,2.81
3885,2.93,0.11,3.15,2.71
3890,2.83,0.14,3.10,2.56
3895,3.02,0.19,3.39,2.65
3900,2.97,0.13,3.22,2.72
3905,2.91,0.10,3.11,2.71
3910,2.93,0.10,3.13,2.73
3915,2.99,0.16,3.30,2.68
3920,3.15,0.17,3.49,2.81
3925,3.03,0.15,3.31,2.74
3930,2.89,0.08,3.05,2.74
3935,2.84,0.14,3.12,2.57
3940,3.05,0.31,3.66,2.45
3945,2.96,0.11,3.19,2.74
3950,2.97,0.10,3.17,2.78
3955,2.86,0.11,3.08,2.64
3960,2.90,0.09,3.08,2.72
3965,2.94,0.08,3.09,2.78
3970,2.96,0.16,3.28,2.65
3975,3.01,0.09,3.19,2.83
3980,3.03,0.07,3.16,2.89
3985,3.08,0.14,3.35,2.81
3990,3.17,0.10,3.37,2.97
3995,3.27,0.22,3.70,2.85
4000,3.18,0.19,3.56,2.80
4005,3.09,0.17,3.42,2.76
4010,3.07,0.13,3.32,2.81
4015,2.95,0.11,3.17,2.74
4020,3.05,0.26,3.57,2.54
4025,2.94,0.08,3.10,2.78
4030,2.98,0.28,3.53,2.43
4035,3.19,0.39,3.96,2.43
4040,3.26,0.41,4.06,2.46
4045,3.25,0.45,4.14,2.36
4050,3.06,0.20,3.46,2.66
4055,3.13,0.25,3.61,2.65
4060,3.09,0.13,3.34,2.84
4065,3.13,0.17,3.46,2.80
4070,3.05,0.11,3.27,2.83
4075,3.05,0.15,3.33,2.76
4080,3.01,0.18,3.37,2.65
4085,2.99,0.18,3.34,2.65
4090,2.92,0.22,3.34,2.49
4095,2.93,0.10,3.12,2.74
4100,2.90,0.13,3.16,2.65
4105,2.90,0.13,3.16,2.64
4110,2.93,0.06,3.06,2.80
4115,2.98,0.07,3.11,2.86
4120,3.04,0.12,3.27,2.80
4125,3.03,0.11,3.24,2.82
4130,2.92,0.13,3.17,2.66
4135,2.90,0.11,3.12,2.68
4140,2.93,0.10,3.13,2.74
4145,2.91,0.11,3.13,2.69
4150,3.03,0.15,3.32,2.74
4155,3.09,0.15,3.37,2.80
4160,3.02,0.10,3.22,2.82
4165,3.04,0.09,3.22,2.86
4170,3.01,0.16,3.33,2.69
4175,2.96,0.12,3.19,2.74
4180,2.88,0.10,3.07,2.70
4185,2.88,0.09,3.06,2.70
4190,2.90,0.09,3.07,2.73
4195,2.95,0.10,3.14,2.75
4200,2.99,0.12,3.23,2.75
4205,3.02,0.13,3.27,2.77
4210,3.01,0.19,3.39,2.64
4215,2.96,0.16,3.28,2.63
4220,2.93,0.13,3.18,2.67
4225,2.91,0.11,3.12,2.69
4230,2.94,0.09,3.12,2.76
4235,2.98,0.11,3.19,2.78
4240,2.93,0.12,3.17,2.69
4245,2.93,0.15,3.23,2.64
4250,3.08,0.10,3.27,2.88
4255,3.15,0.22,3.57,2.72
4260,3.01,0.10,3.20,2.82
4265,2.98,0.18,3.33,2.63
4270,2.87,0.12,3.11,2.64
4275,2.93,0.21,3.35,2.51
4280,2.93,0.12,3.17,2.70
4285,2.93,0.11,3.15,2.71
4290,2.97,0.10,3.16,2.77
4295,3.01,0.19,3.38,2.65
4300,2.99,0.14,3.27,2.72
4305,2.91,0.14,3.19,2.63
4310,2.87,0.12,3.09,2.64
4315,2.83,0.14,3.09,2.56
4320,2.94,0.15,3.23,2.65
4325,2.96,0.23,3.41,2.51
4330,2.92,0.08,3.07,2.76
4335,2.89,0.10,3.08,2.70
4340,2.86,0.58,4.00,1.72
4345,2.98,0.10,3.18,2.77
4350,3.05,0.12,3.29,2.82
4355,2.99,0.04,3.08,2.91
4360,3.03,0.20,3.43,2.64
4365,3.11,0.37,3.83,2.40
4370,2.98,0.15,3.28,2.68
4375,2.94,0.06,3.06,2.81
4380,3.07,0.18,3.43,2.71
4385,2.96,0.07,3.09,2.83
4390,3.02,0.11,3.24,2.79
4395,2.94,0.06,3.06,2.82
4400,2.93,0.12,3.15,2.70
4405,2.96,0.18,3.31,2.60
4410,3.01,0.09,3.18,2.84
4415,3.10,0.25,3.60,2.61
4420,3.05,0.26,3.57,2.54
4425,2.97,0.11,3.17,2.76
4430,3.00,0.15,3.30,2.71
4435,3.10,0.11,3.31,2.88
4440,3.01,0.13,3.26,2.75
4445,2.97,0.18,3.32,2.61
4450,3.05,0.23,3.50,2.59
4455,2.94,0.19,3.32,2.56
4460,2.90,0.12,3.13,2.68
4465,2.91,0.09,3.08,2.74
4470,2.94,0.09,3.13,2.76
4475,2.97,0.12,3.21,2.73
4480,2.98,0.18,3.34,2.62
4485,2.99,0.36,3.70,2.29
4490,3.12,0.23,3.57,2.66
4495,3.07,0.10,3.27,2.88
4500,3.19,0.18,3.54,2.84
4505,3.18,0.19,3.54,2.82
4510,2.96,0.09,3.13,2.79
4515,3.09,0.19,3.46,2.72
4520,2.92,0.09,3.11,2.74
4525,3.03,0.08,3.19,2.88
4530,3.13,0.11,3.34,2.92
4535,3.11,0.10,3.30,2.92
4540,2.98,0.17,3.31,2.65
4545,2.96,0.05,3.06,2.87
4550,2.99,0.17,3.33,2.66
4555,2.99,0.26,3.49,2.49
4560,3.03,0.18,3.39,2.67
4565,3.07,0.19,3.44,2.70
4570,3.14,0.11,3.35,2.93
4575,3.15,0.11,3.36,2.94
4580,3.09,0.12,3.34,2.85
4585,3.01,0.08,3.15,2.86
4590,3.02,0.08,3.17,2.87
4595,3.04,0.17,3.38,2.70
4600,2.97,0.08,3.14,2.81
4605,3.03,0.13,3.28,2.79
4610,3.13,0.14,3.41,2.84
4615,3.22,0.16,3.54,2.90
4620,3.10,0.12,3.34,2.86
4625,2.99,0.21,3.41,2.58
4630,3.05,0.14,3.32,2.77
4635,2.98,0.56,4.09,1.87
4640,2.99,0.11,3.21,2.77
4645,2.95,0.10,3.14,2.76
4650,3.07,0.19,3.44,2.69
4655,3.11,0.13,3.36,2.86
4660,2.99,0.08,3.15,2.84
4665,3.00,0.19,3.37,2.63
4670,2.98,0.12,3.22,2.75
4675,2.96,0.21,3.36,2.55
4680,3.10,0.17,3.43,2.78
4685,3.19,0.15,3.49,2.89
4690,3.17,0.14,3.45,2.90
4695,3.11,0.14,3.38,2.85
4700,2.95,0.16,3.26,2.64
4705,3.01,0.12,3.24,2.79
4710,3.04,0.09,3.22,2.85
4715,2.97,0.14,3.24,2.71
4720,3.01,0.18,3.36,2.66
4725,3.18,0.15,3.48,2.89
4730,3.17,0.22,3.61,2.74
4735,3.19,0.23,3.63,2.75
4740,3.11,0.22,3.55,2.67
4745,3.02,0.05,3.12,2.91
4750,2.97,0.13,3.23,2.72
4755,2.97,0.09,3.15,2.78
4760,2.93,0.19,3.31,2.55
4765,3.04,0.11,3.27,2.82
4770,3.19,0.08,3.35,3.04
4775,3.22,0.16,3.53,2.92
4780,3.17,0.16,3.47,2.86
4785,3.12,0.28,3.66,2.58
4790,2.97,0.12,3.20,2.74
4795,3.01,0.11,3.21,2.80
4800,2.96,0.12,3.20,2.72
4805,3.01,0.14,3.29,2.73
4810,3.15,0.24,3.63,2.67
4815,3.15,0.13,3.40,2.91
4820,3.05,0.08,3.21,2.89
4825,2.99,0.18,3.35,2.63
4830,3.03,0.20,3.43,2.64
4835,3.07,0.22,3.51,2.63
4840,3.15,0.26,3.65,2.65
4845,3.28,0.19,3.65,2.91
4850,3.23,0.17,3.55,2.91
4855,3.08,0.24,3.54,2.62
4860,3.05,0.15,3.34,2.77
4865,2.95,0.14,3.23,2.68
4870,2.94,0.10,3.13,2.75
4875,2.90,0.22,3.34,2.46
4880,2.98,0.09,3.15,2.81
4885,3.09,0.15,3.38,2.80
4890,3.31,0.22,3.74,2.87
4895,3.35,0.24,3.83,2.88
4900,3.23,0.17,3.57,2.89
4905,3.16,0.16,3.47,2.84
4910,2.98,0.11,3.18,2.77
4915,2.88,0.26,3.39,2.37
4920,3.00,0.13,3.25,2.76
4925,2.98,0.17,3.31,2.66
4930,2.98,0.18,3.33,2.63
4935,3.06,0.13,3.32,2.80
4940,3.13,0.08,3.28,2.98
4945,3.12,0.15,3.41,2.82
4950,2.96,0.08,3.12,2.80
4955,2.92,0.21,3.33,2.50
4960,2.98,0.12,3.22,2.75
4965,2.92,0.18,3.27,2.57
4970,2.93,0.16,3.24,2.61
4975,2.86,0.11,3.07,2.64
4980,2.95,0.16,3.27,2.63
4985,2.95,0.11,3.17,2.73
4990,2.83,0.15,3.13,2.53
4995,2.92,0.10,3.11,2.73
5000,2.96,0.15,3.25,2.68